,stutia,sttia,strd
stride103qcuqnx00xvv64me4jwa8jpwzn4qtmqdwplqn,4980000,4.98,2.397550230086001
stride10447kdx9rq75qtwccukfg9sdt70yry9amun7t6,18345480,18.34548,8.832170641573923
stride104a4pj64l6grr65ppp7el72kjtyjuuh9tzk75y,5000000,5.0,2.4071789458694792
stride104kdmj4fla63rk9ds3ed5nex7x440863xfggea,1122620,1.12262,0.540469445642399
stride104u0yardhndp2980439xnetgcswm890f30tml9,9110490,9.11049,4.3861159429108865
stride1050yh6cl840z3ghjkvcaclxscvuqaf200q0t5g,1980000,1.98,0.9532428625643138
stride105c0dl6f2wnzln3vmtgrcxzxtt37rawhf7wptu,10480000,10.48,5.045447070542429
stride108xeg66rdxzcw2fkfmxcrt4594k6539cuaxnpj,6500000,6.5,3.1293326296303228
stride10c9yupqmwuj60n6twqm7722557hnsll4rm8mer,1102550,1.10255,0.5308070293536788
stride10ce86fcvy6czw3xf986m9cu5ajnyhd4dwt34gp,16401150,16.40115,7.896100593609442
stride10e8k0ct3cadfdte2jjc03ggmdr372z5rz0upa2,1314740,1.31474,0.6329628894584878
stride10g2xs42a9xyf8v682zapfla36s600yetnqlsr4,9980000,9.98,4.804729175955481
stride10gc22s7n4m8urkjcd6xqsjtmcuat2zm3mketn7,5980000,5.98,2.8789860192598975
stride10guf8ytetszyd8sfwxh8l54x7gnuaxvq8hpp5j,6980000,6.98,3.3604218084337933
stride10h05cedmph57kcz5rh9hje4n0ae527zezlmqqc,9780000,9.78,4.708442018120701
stride10h22mqtxa9yjuntcnhpr6lgp6mmrhc4dftu4xa,11460000,11.46,5.517254143932847
stride10hgtkvmpjcspxgqeyqty39hsrknlxlcquwn6n7,4980000,4.98,2.397550230086001
stride10hxnl0xzx3ay96ta4qr2ekxej7va957w8n8kjk,127025300,127.0253,61.15452555055087
stride10ls0hp5v8mv2djrxuek88aja7farxs437un3mm,119098000,119.098,57.33803961903265
stride10lvy0m8wehwjwtfzlp6ljr0ty2qmdkhvasmvn9,2275457920,2275.45792,1095.4868794471915
stride10mxudmq0ymwd86k3vtxj0zlv4u5rd2d7dfck40,233910,0.23391,0.11261264544566597
stride10p2kksrhd3kq07r6vlgpr20uzr9vrj65lv0p07,899680,0.89968,0.4331381508039706
stride10qqj8jntu4lknce2t5ze3etynrlx376qhqaxqc,6060000,6.06,2.9175008823938087
stride10sc907shh4kahg8mawka68ateear0xeu90nlzx,77980000,77.98,37.5423628397804
stride10tz5vde2yqwjt82xcgzzaman5dvs0qgfyz0545,81733000,81.733,39.34919135655003
stride10u2kuzyyfcmawf5g8nxy3qjymcqfh5tzewxq6m,5480000,5.48,2.6382681246729494
stride10u6a06xwcacrr4rm34ed8kcuenree2pghm4txw,111644530,111.64453,53.7496724074987
stride10uysxgnkuvpxqxmuudsxzz7yqssgy5snggp20w,9200000,9.2,4.429209260399841
stride10vegz393a8jqjw2nk9e6r7sm5f4ajwd52u5kr9,9772500,9.7725,4.704831249701898
stride10vk6pj6cu8k4eec9hze2w586gj67lwge7klthx,19980000,19.98,9.61908706769444
stride10yu027d4h3yahgemudwrywtf2hdxftgp26k09s,5980000,5.98,2.8789860192598975
stride120ccruea2enrgmx2krdd5u8r2y0lnvh3vuwtug,3000000,3.0,1.4443073675216875
stride120yxh9eu82euxxmqkzzwxjqxs3apfnjawcvy8m,1480000,1.48,0.7125249679773659
stride122taa46qrdv22ryk6v9wvs285y24q9z28xffze,20000000,20.0,9.628715783477917
stride123ex40tgr2u8rzl99qps4z8ph465sp9cg2tmph,1110000,1.11,0.5343937259830245
stride1255kd9glzk68ltavvya72m9fz03wte5psxvzle,1884700,1.8847,0.9073620318560415
stride126xhp9kwvj4mpl5pd9uqnrdwf6vf8mxramhpfm,600000,0.6,0.2888614735043375
stride127wkcqhmj5p0nnx29qw2rc4qau0qh2pn057xw6,300000000,300.0,144.43073675216874
stride127xf5z5wdpwke0cmqvav4f0paxt6ygllup2knv,256270,0.25627,0.12337754969159428
stride128730dh0229kvjqen05jktkese27knx46hxwkh,1000000,1.0,0.4814357891738959
stride128as8hdtwlmtdl0jmq25akvff62cu7k5jacv9p,11880000,11.88,5.719457175385883
stride128leyl9ucym2xlcme55wyka50juvse30yn9rym,17980000,17.98,8.656215489346648
stride1290wymvck8gmwm2yvase906u3z4xruns2gf0ce,200000000,200.0,96.28715783477918
stride129h7krwnecvgls9ccee4nndrvmsl40rmvjxh2e,12016010,12.01601,5.784937257071425
stride12au7xtp2uxhr6tnay4w62g3mnkj6lsnrlr4x9f,11159880000,11159.88,5372.765634885976
stride12azs8cykjv39skj0ljdsxk78jat928l0wv66qt,40817360,40.81736,19.65093792359501
stride12d4pcv8fmmpa9ju50k5thcjegjvgawr356zdyt,107980000,107.98,51.98543651499728
stride12e4d2nq6kvlvuzngkhxguy4g6egkns0hf6k93d,207390,0.20739,0.09984496831677425
stride12e92d84r0nrpzr3wpqnd3kce7lnqdwtxp49dan,6000000,6.0,2.888614735043375
stride12f07j6cnunmj85c3l3m4mgp9n9xuxhu0sh7gls,331565510,331.56551,159.62750296969526
stride12hv0zzzhw3yr5cdmsvev6ygf3xe8v82tupgk9q,47576810,47.57681,22.9051790687265
stride12j3j6leq65e46cufuhvyv8yptm06f6ntxaa0e2,1000000,1.0,0.4814357891738959
stride12j4s99l7hsqjdncdkr2vqteg5u9whzg3kmyuga,480000,0.48,0.23108917880347
stride12j5pe3p4tnrcd4k6fzwgfdrfaq43uwca7vwr0x,815000000,815.0,392.3701681767251
stride12k8wfgw96gp9qs5xu9m5uzafma5m55jd74g6p3,1152550,1.15255,0.5548788188123737
stride12ks64am3kdgnnym8tglmwc24g2fy2p0srhkk26,10000000,10.0,4.8143578917389585
stride12mjc46u7wgnnw56glknxhy48xy5pzdnjz5fg2v,3380000,3.38,1.6272529674077678
stride12mpw0czxlleqh0er7da9mtrar2wsvefuw908y5,980000,0.98,0.4718070733904179
stride12qafnpgzh0e2fa0fupedkxlcjqxnzyeucgk2q4,5000000,5.0,2.4071789458694792
stride12sq9v0gmz3wvvye7zve45s03693hdmzw4672z7,85980000,85.98,41.39384915317157
stride12tj22x43n42q5k7r0hych4kff60jmss07ka8n6,13480000,13.48,6.489754438064116
stride12u6hwdef7jsue7nzmahsr5eyg2wcf9nqyfqhfe,1110000,1.11,0.5343937259830245
stride12udvh3z2xdfc8djrvy0mxk0humdnt4cq77jjpg,2460000,2.46,1.1843320413677838
stride12uk22nzee0hgahzttujcdce78ax627asy9c5lw,8000000,8.0,3.851486313391167
stride12uwj2p82k97ksvs6dcllktxkr68zsm25vy0m0u,702570,0.70257,0.33824234239990403
stride12vg94a4eyef5wfcwp0a7e7g6yg7e69g6af870f,14595140,14.59514,7.026622744003495
stride12wemrt83nk7n5l57awfue5utk0rejxqn5fs8wp,3980000,3.98,1.9161144409121056
stride12x4lu5ma6cuqzqys48fmm2fq5ttpzcr83hd9zc,21894000,21.894,10.540555168173276
stride12x83csf7kpr3emumrn6kw3ukavqaphxkhc4dz6,48806000,48.806,23.49695512642116
stride12y6reu85m88st7mnt0t8v5w4s5652054c7vpyt,89893000,89.893,43.277707396209024
stride12yn7eahgru80hgvyvrezg94qlgseun8jryf0qv,6591000,6.591,3.1731432864451476
stride12z5p547fu3k6n3jcwv0u8znrqrnjph0khxpphj,6500000,6.5,3.1293326296303228
stride12z9k00k7dje9vnpfkkqsr0e7fy795dqjdzup3v,1832217350,1832.21735,882.0950058353542
stride130jnqfxmhhdp7ec5f4tq8xanycljfm6nfn89na,5980000,5.98,2.8789860192598975
stride130p6plev7q9tgsn8lew8egfkhapggqk0n0kfuw,100000000,100.0,48.14357891738959
stride1322d4jeqlu4mmzs0vgfdqfaej55pxy4q529k62,15080000,15.08,7.26005170074235
stride132qyd8trhdku0v4k88ykezskxsxsylz4tdzaac,6280000,6.28,3.023416756012066
stride133df0rz42d49jl3hzh6gtv6gf42x8vqac7wz70,1000000,1.0,0.4814357891738959
stride133esr0vl649yaklr9y3g690nupk4drpp7mwgly,1300000,1.3,0.6258665259260646
stride135rlffgd7j2l2y49p9s7ml9lq0r0xpvyp6tewh,5380000,5.38,2.5901245457555597
stride137c2fmkmkvty62erq6zeeecxc3rjtjc64udwt2,12000000,12.0,5.77722947008675
stride138q960f52ly55dz0gkmg8vetg9xtmxsymax3r4,1480000,1.48,0.7125249679773659
stride138rx6qvg5g0tnwykreamy9vszmlls5ykemn8fc,505000000,505.0,243.1250735328174
stride138wpeypj8k2mr7qx3k0ckeux7strlpn34f2055,990260,0.99026,0.47674660458734214
stride1395atr0guxax00025tqp30425udsshpsqv0h9u,130000,0.13,0.06258665259260647
stride13993z7fu5rhxd2gvpvn4g0ncuhc77llap7esn5,3970690,3.97069,1.9116322737148965
stride139ajm3wwy0zkkr4p3rsy4cc845ywfrqls0c52k,1480000,1.48,0.7125249679773659
stride13cuk2mkcht6lrlj5e3nkva5xcw2eply7hadc3k,9657320,9.65732,4.649379475504848
stride13dyw9arrwxxgy495h3kk0czd870dkzqxm6td0t,1430000,1.43,0.688453178518671
stride13e5w8kn6vsfhwjvuchw3jg2jr2tecqqt3swh7h,7780000,7.78,3.7455704397729095
stride13efzy5u372x8aa4wq48wk27j52099rqyf7un20,6480000,6.48,3.119703913846845
stride13evp5ueumezkkjxpqvjvgshvy958384tqtsjhj,350000,0.35,0.16850252621086353
stride13gd97ke6erejqk2p050xkpc63jhtujre8z04kl,1000000,1.0,0.4814357891738959
stride13j5v288amfeeyh9njnzxysl86wy673v4fa2lgs,8809180,8.80918,4.2410545252749
stride13k4p55ls5m6srku3z24njhcqj550hjpkext90e,2600000,2.6,1.2517330518521292
stride13kkz3pw6zn46tkj9cff3ytvlpqrey9ufw5qta7,986824,0.986824,0.4750923912157406
stride13kmhegjact6zmq9yrkngyayakce7qpxw9ap0gv,319260,0.31926,0.153703190051658
stride13nyjmpz40lh9qtn0wq8r03s32jeva33a8phxsj,1280000,1.28,0.6162378101425867
stride13qpu5wf5uafq3gjujtadufk2q267kx9vfzv4eq,600000,0.6,0.2888614735043375
stride13rf8798tv7rymdz5yqr3lddsxra9zee7zu50tj,12980000,12.98,6.249036543477168
stride13rw7x7a50qtkyysnrc3qw92pj899wyu7stj2p6,21160000,21.16,10.187181298919636
stride13s4tesq3x0zsyhj4wgfmw44gwrhw3gzv457vxm,10000000,10.0,4.8143578917389585
stride13sj7q26k96n24ydx9wp59y7yl2av06da9xaygz,10000000,10.0,4.8143578917389585
stride13symmalxhmnyxg4nckxenkfgfmpjypranrvlsn,3832790,3.83279,1.8452422783878164
stride13tg9eyqchpcv6r9c8j52ql27sh9fjpznmj2ghf,1031240,1.03124,0.49647584322768834
stride13tle4lg5x56zh9ahn75sq3k9h9h268dw7h9zz6,6380000,6.38,3.0715603349294556
stride13u8yzkdqgw2u20z5dzxtwv903e4mccj49h54cd,1845040,1.84504,0.8882682884574048
stride13up3r5wyheycdu4vc8quvdpxapt3dp74klg2ps,2050000,2.05,0.9869433678064864
stride13vel2hu29ehrnmpcvduewz9en35jqqefl2hxh0,1110000,1.11,0.5343937259830245
stride13vymnsdfl5a2z60zfexz2eqxm9zgcpc5n7s4sl,280000,0.28,0.13480202096869084
stride13xfms7jfsy2zlvuy648yjy4fjj86an0r207n6u,55980000,55.98,26.95077547795469
stride142eu353cf9z6aurg3k9uyd909h7yjzhw800w8f,1480000,1.48,0.7125249679773659
stride142vmhdrhntqj8hh3sgf2a9g06k8fjswcgruyc3,1000000,1.0,0.4814357891738959
stride143679htpup9yky3wlm6yhm3feul9fuh7hp4rvk,20000000,20.0,9.628715783477917
stride1442ks20qpww9e2rkt4edxj6qcjzhm500gqwmv4,1000000,1.0,0.4814357891738959
stride14640tst2rx45nxg3evqwlzuaestnnhm87yca9n,300000,0.3,0.14443073675216875
stride1464yhs24zn67pnjx5tu5r8rcc2n8ehu7f8t8ea,78062140,78.06214,37.58190797550314
stride1465g9x9m9g2dx40waw33qmg5yqynlfl83zhrm8,290780,0.29078,0.13999189877598542
stride146sl6lx6kf0thv4ngfwr9h6zz5m37ycghe7gmw,980000,0.98,0.4718070733904179
stride146t6v0n38npnk34wg54d5hxtxg24f5mmz2plet,2000000,2.0,0.9628715783477918
stride146zu82ys6dvr25zuslw545ynkygaug9a8awazc,6524710,6.52471,3.1412289079808104
stride14aa24ymveyqrz00xwtuhz7vu43svu5p9s627a4,1020000,1.02,0.4910645049573738
stride14ads59fz58mpukdqsrvwsfwzrl48d72zfsgcsf,10980000,10.98,5.286164965129377
stride14cwnsac0adc9wpgszn5k9u4meh8rwyjhmhu0f7,10000000,10.0,4.8143578917389585
stride14du5yffpllly7f7smw00wp2j2y6n8kr3vqy9jd,150000,0.15,0.07221536837608437
stride14ek8x7prpmrqhvvysumqzhapl32ku7er5tfd8w,285600000,285.6,137.49806138806466
stride14gf0mgqn33rm5wa95a677schmnltlac9alqevv,14960000,14.96,7.202279406041483
stride14gg4kn3343pxz9fw8y856l69zntd5xfevqrhx2,9635820,9.63582,4.639028606037609
stride14gv23dpfyqen60lx0ctafgte95wtc8mzv66g9h,40133220,40.13322,19.32156844278958
stride14jwyhvu82sapztxjha5k0rk7g65nvgn4u23v6m,25000000,25.0,12.035894729347397
stride14lav6cz3ud7f4dxlggrttf0zzkrxjhxk659m63,101000000,101.0,48.62501470656348
stride14mjn8fs2seytqpdv6vuls52uvmyf3ue2dfapvc,20794970,20.79497,10.011442792797489
stride14mwhegj74cs90nlgdfmrgjlgd7rpq0yxmscdd2,2813800,2.8138,1.354664023577508
stride14pufh3h3pgzxqazpl9yn0svnd2gn3zvrhmzn5h,39980000,39.98,19.247802851172356
stride14qruq2wpmjetm0emmfdv403kj55ldfaxpku8y0,61093820,61.09382,29.412751445347944
stride14rgzp055gqjzv707k33qa6n7s3vy7wmv39z5vv,1793000,1.793,0.8632143699887953
stride14rj54xwqsdmlqllh0lxxakxzr2mgt93qljwnhn,2980000,2.98,1.4346786517382095
stride14rtjh6hhuktk6y6y7d96yav9zt4lkgt7yuq90k,2145000000,2145.0,1032.6797677780066
stride14sjaavwm4xvm5yg8phhwm44ysdycyc4uqna8w2,19350000,19.35,9.315782520514885
stride14suu88kq2mt83k3cel9yad5925s725et2swekj,137700000,137.7,66.29370816924545
stride14t9zww7pad3w25ed3a507sqqjmzejrp2dcucwr,1138970,1.13897,0.5483409207953922
stride14uakfprgzgrlpzvaljyl4cnmg8qxfu2tpud3er,22240000,22.24,10.707131951227444
stride14wrw8s7l06d5n230p94u0kh9ww3kz4zvx046an,1954510,1.95451,0.9409710642982712
stride14wv264ngauxx9v5kyrc33yd6q3ek2jvdhje6q6,40010000,40.01,19.262245924847573
stride14x5ygfd7d2ufr9pqlhfwg5ph045wpyrytlfw6n,60680000,60.68,29.213523687071998
stride14xrfwpjmh69y67v2tvz7ncqh7m390tpwehu2kn,583695500,583.6955,281.01190367975175
stride14yqr2q5u4sehadtfxx4rh4rjxzfht6ec8tlrjt,981640,0.98164,0.47259662808466313
stride14yx2q95e7a75qx2p85mp46e95dhlk8yyc0lv5p,2480000,2.48,1.1939607571512618
stride14zsgv4qfmk5ujpn848ve5tlzuyx4pqde856m7d,87910150,87.91015,42.323092441645564
stride150dv8elnh6j7jnx07tk944u7h8ymqep0dgf0dq,14780550,14.78055,7.115885753674226
stride1522d84ks2klcl9nvngagppf7j9cke0ctdp8jc7,428060,0.42806,0.20608340391377786
stride1529q4wl4xsaujk3v08p8pgu5yc8dawrah20xvz,14000000,14.0,6.740101048434542
stride1537m5x5t7j75mk7paunsq9z5w8f984mw9lk038,4480000,4.48,2.1568323354990535
stride154qggy89597vszvypep78ws0t6n284wer5yejs,5000000,5.0,2.4071789458694792
stride155kqt5z0sz8avhx6l3dm789pn4ncxzq0m6d7t7,37827820,37.82782,18.211666374428084
stride156x09nynr09sxg58hf598cutfclmyp00u7zl2p,1480000,1.48,0.7125249679773659
stride1577mlcp0lzk79hv2j7a2feq88a60h89g0vwwls,97552160,97.55216,46.965101135218156
stride157zwevlcv8086893rzmcpm0t0quqqjkq06tuvj,1000000,1.0,0.4814357891738959
stride1580y8yqem845hdp6mhzkf7pc5xptcfl6c6rkx4,8000000,8.0,3.851486313391167
stride158ddh954pzt3etjh0yqe8lp7ax0pz6pclcz55g,151000000,151.0,72.69680416525829
stride158snrgnpu0kmstj0zzg0mju8c2em5xty4l9w89,1400000,1.4,0.6740101048434541
stride15dc22q3g9x7h7fesqrj0chs9pfq7qs532zmqh2,1500000,1.5,0.7221536837608438
stride15evfcwaxz0vehtgpajjgdz7hexn0fkwhpkydt5,5980000,5.98,2.8789860192598975
stride15fffdah7nt9eh6kg7pswt5ea0qdjqqk3t4a2gc,1976250,1.97625,0.9514374783549118
stride15gp2zjwy9p7d2svmpxqdcd3cf6p9tvvpjnsdr9,2480000,2.48,1.1939607571512618
stride15heg4vvf24zs86zxr3gerpgu35ge3qjqlluz26,6639710,6.63971,3.196594023735808
stride15hp9whhe26h0k578wsfgxpw3zjzypycn9ueh7v,940990,0.94099,0.45302626325474427
stride15hz2v3mj08jhgjyxc3t0dzrv3k937nvfd53986,155659140,155.65914,74.93988090802995
stride15hzs95tm0495h4dmptatlf7ss7h3gq6kpq0vgd,10103970,10.10397,4.864412770739369
stride15j7g66x5y99d9kjs0zvkvejgyhpgfaelxez5q7,5000000,5.0,2.4071789458694792
stride15msd8pqawlv52z980mxknkz3qyzs5z8xj8ahaw,3100000,3.1,1.4924509464390772
stride15nfv2k9a3qts4crzp7he5jwy6mvt7z6u8ppn8p,1480000,1.48,0.7125249679773659
stride15pgw8u8yjzjegepdzc28qj0n0kxr5arqk246cy,1177620,1.17762,0.5669484140469632
stride15pp04psp0vej49x66nzhy447rtfjgqfq2nggcl,25000000,25.0,12.035894729347397
stride15ps70ptwxky9jxpuxuh3cmz3p4ansungy4yu4z,3000000,3.0,1.4443073675216875
stride15qs74cdm26lwvswkune3paaseqr8d4sta7m755,130000,0.13,0.06258665259260647
stride15r2r9e8j6gcgcrslsreysauy2hl7m20hap5ex7,50030000,50.03,24.086232532370012
stride15rcs7ls3wx9k894en8ceu7fsgf7pz4pjlhge85,1050000,1.05,0.5055075786325907
stride15sw2j9erj6g097hzmyttpjagvnjc8ueduz4n9r,10000000,10.0,4.8143578917389585
stride15t2jf9wmsqhypvray7cvepsdzhlxqexnseyn2n,6380000,6.38,3.0715603349294556
stride15t6d6dj89aap55a5uzsefqukd2hajspc7j5huh,2000000,2.0,0.9628715783477918
stride15ul5rn6c38aj2eh73xv529smplc6l9rahk099a,4480000,4.48,2.1568323354990535
stride15vp9l5hfq4k6vtzzx8lgg560h93tkrcr7mq2ch,16871470,16.87147,8.122529473973707
stride15xw9yljh2warnjvly96qkdqgafmw6s89lw0e8n,2909630,2.90963,1.4008000152540425
stride15ydrrj4awsq5263anasynhm8qcvjhjww8wkyk5,9980000,9.98,4.804729175955481
stride15yl9zj3sgnsk24svcsherlhvqtpggfe6rm5rep,9180000,9.18,4.419580544616363
stride15zn3mjmkyfp9xqwdkxh53pxdwcu28l640zau5m,1574480,1.57448,0.7580110213385156
stride1603tug886kkpqxk5xzg3hcec2panj5q3zsy43l,2120000,2.12,1.0206438730486593
stride160ugxmv6kdtkqfktvetgnf5jkqkku3mz7ke2el,5000000,5.0,2.4071789458694792
stride164dpffm974ayj7j9r33t4yhv7a6wu59qex2yw6,15000000,15.0,7.221536837608438
stride164ln42xa9jce3czpv2vawdmcnexkfva64l67s6,1980000,1.98,0.9532428625643138
stride164nhg00xquv6ym5nhd6vde2wkg8vqp89egwzn4,20000000,20.0,9.628715783477917
stride1665v0p4a4nfqrn6xsjf4wj2t37ljv2egwej9tl,11800000,11.8,5.680942312251971
stride167lkpcxaprjf28m2lyvu7p0q6gtkgydjrhrkh9,20980000,20.98,10.100522856868334
stride167rryh3ekkp9jdl8rdxval7du9kfsq65msq3z2,1167000,1.167,0.5618355659659365
stride167zkszf5qhwwkfkvy2dkcsyqqd7fge2h4qdemx,908200,0.9082,0.4372399837277322
stride169cz0gv4hrmt44ef0fh4kuk7gzz7xhc7e3qmyt,34980000,34.98,16.840623905302877
stride169ds0qcz8qcjycapzudlnrjjx9dh2z8ztp7rjr,4000000,4.0,1.9257431566955836
stride169mnda3kzjqsmckzmkpljsuldeaxhvj0849avk,10980000,10.98,5.286164965129377
stride16as2ednuwdng0255eazchgf6u9ys53s6y758cy,23780000,23.78,11.448543066555244
stride16c738qf9gelzjel4pppetzyz7u4g57lscx6yt7,7800000,7.8,3.7551991555563875
stride16cemgtx5cwuxzfprp7zg96pmkpkhzzyfz88sr0,4500000,4.5,2.1664610512825315
stride16cj6gm7udr8cqxr36khpvhrngle98689qgs5wz,8000000,8.0,3.851486313391167
stride16cru6vryrdkmks5jjntjv5uh6mj02a8s2kq7ty,929980000,929.98,447.7256552159397
stride16dxa8kauj4gsepe26ljp5eglv59aqarj47xveh,500000,0.5,0.24071789458694795
stride16exheq7pft9j7j75pddc2rmgc62qr2mxe2r7nl,101940000,101.94,49.07756434838694
stride16g7l803krlsf68hhlfl5maaj4kp35sl3feqhe2,14940000,14.94,7.192650690258004
stride16h2ynrzwhxgjnd0hswkvdvq9nav9kklq08fhf4,1735172828,1735.172828,835.3742998012807
stride16hga6h5x2zhhewpamxmvn6gel5akcn4jp0w8jy,480000,0.48,0.23108917880347
stride16huhxe95r0es9r2fu9erqtqk9c8hyh75g7dt38,280000,0.28,0.13480202096869084
stride16k0afjcaasf57nc0ftl089hxy0txldwrm3gtad,9980000,9.98,4.804729175955481
stride16njlmydykjrst37myjdwjsem0wss7rrwtqaz45,12600000,12.6,6.066090943591088
stride16rpj78hazd2teu7j6w8kg38avu0xhthvxp5wcz,25000000,25.0,12.035894729347397
stride16rum007k924k6j3s69c22axu7gql87yn0rnlwd,880000,0.88,0.42366349447302837
stride16sknqh6mfamcymz5pjc4pe9xg0zrl8prhk033x,150000,0.15,0.07221536837608437
stride16te6a6zu64l5ym3ywx6utyfaa37yuae0ghcm90,5762620,5.76262,2.7743315074092756
stride16x7erzpquz5xxv6sduazrt6ruetwu7v6x2flrt,9857550,9.85755,4.745777363571137
stride172cq5a9jw675yqdrap2vq2ash4ma9dxag822w0,2750400,2.7504,1.3241409945438831
stride173qczjnsjfpwk6suu8xdjmqrkrmcccfj7n3vz5,7000000,7.0,3.370050524217271
stride174w2qlrnkr0ldel98alyzk83aevee2kctdrlqc,1480000,1.48,0.7125249679773659
stride17679750yrlt3390459rcj0ww39z38szjemrtgg,2180000,2.18,1.049530020399093
stride1774ydury9wqw872r9f8lrjj3srec8e2r55enlv,1000000,1.0,0.4814357891738959
stride1779aq42y3pmhl0gmcgdsp0wj0lklx9an6qlfrs,7000000,7.0,3.370050524217271
stride1788wy0f2dgxfn47tac2rkr279n2u2ygl0anczd,1980000,1.98,0.9532428625643138
stride17a29c5nszpttcfd5dufu00yu9zvsgu6eayy5du,800000,0.8,0.38514863133911664
stride17at6m833e744me8c72sql3clhd4d94s7krfgk2,2480000,2.48,1.1939607571512618
stride17c73lgnw0ste3dlwjgyr632rhjxa9zvshrpcn6,10011146,10.011146,4.819723975045091
stride17ckezmmfs3sedm2zrnadqwydhd4vllun0h0ehu,4200000,4.2,2.0220303145303626
stride17du8wnzlxk3xjdhckfllvx7uav455r4j3pcplw,681105140,681.10514,327.90839058629683
stride17fdlf3clghxz20nvv57aulnn5utxfetgu8s6ns,1231530,1.23153,0.592902617441328
stride17hjxr6rm7uav44cf238qmce4gy7ydln0hqsga0,11480000,11.48,5.526882859716324
stride17hy8zm58qlf3t9xvrtp9ncf8xun06dfgudsegg,2272730,2.27273,1.0941735611291883
stride17m8j3hc0w9lkm988s527qdnujyye45tac2snnq,99980000,99.98,48.13395020160611
stride17mrgglu45tkat9vgytlvtelqhtesr638vvpp9a,480000,0.48,0.23108917880347
stride17mv5qj4kvwt6csc7uprthmn68ehqe305d3cznt,342830,0.34283,0.16505063160248673
stride17nun6cg7a5xtu9fz2p8scxr7u9jmrf5v0lrzrq,13500000,13.5,6.499383153847594
stride17punjx8pysjjzy7awfuw5nwepu9rvsh8hwxu85,1160000,1.16,0.5584655154417192
stride17sj3hjhqe4vujdxq8u39cz0ng3wgkhu4t4cnn4,2500000,2.5,1.2035894729347396
stride17uv5ccjh6c45n06aa7kr6ealt37r4jr48ed73d,1280000,1.28,0.6162378101425867
stride17vjk6rvktp34f37zksjf9dftvmp9ajl8wg57u9,1380000,1.38,0.6643813890599762
stride17vyaj4vg0s9q9q7tw5xqnljc0y08wgx73as5g6,2098330,2.09833,1.0102111594972607
stride17x3kxlj4s08csmjfnhg6hj4mvq7f52fc4dkg7t,2870000,2.87,1.381720714929081
stride17xwya44yg7xlf6gl55craxjtqrh39ue93vea5p,1500000,1.5,0.7221536837608438
stride17yw7f32v48zwgn4fzzzn7nc0at5emrdzvx4pld,1675970,1.67597,0.8068719395817742
stride17zrp5lrv73z6qcj0px30hsxlru66mmkmmktck0,11000000,11.0,5.295793680912855
stride180y9adcp9frmk4kcygka73vvcqtkqhj7kyg0dp,189980000,189.98,91.46317122725672
stride182x97quc7ygz2a5j8wmtj9vvuaezr28wlu79n9,4000000,4.0,1.9257431566955836
stride183xh7f4umya7prz7v90z7lzq6g48wgeunvx6cx,10000000,10.0,4.8143578917389585
stride1859xcatnsgtz96sz7n37njady85ewtl2fx0f4j,4880000,4.88,2.349406651168612
stride187puuef0cvwcuu0pxta7p6vlalkmd0qvygu8kn,10080000,10.08,4.8528727548728705
stride188sxst5tpvlp2hrheul9r2q87f0ggevuhff4ne,500000,0.5,0.24071789458694795
stride188z564al6h6t2kehuzcjtktfc7xe4txq2kgj9y,980000,0.98,0.4718070733904179
stride189yqr90wwuq6qcklsl0d7cq28apw0rlt9z4wtm,2100000,2.1,1.0110151572651813
stride18ckjkml8aed9glnmt4lgstv45x084s985g8v7a,600000,0.6,0.2888614735043375
stride18d9akv970e95knt2ucp4y7my2xt2pgqpe5vjgh,27878580,27.87858,13.421746163347589
stride18ddrjrhctgt2lzvgtfyfxrcecfec5eflqw0nr4,29980000,29.98,14.433444959433398
stride18esdx9sf8n44dw97n3htyrjw6jnqmkzup4lenw,1280000,1.28,0.6162378101425867
stride18ffvwh75he35jwh8pn9da3y890uu62nqnwd2hp,123789080,123.78908,59.59649342091053
stride18fm7lrd3y2ymvw709vkkxhwyzfdfamgk9vfg0a,10080000,10.08,4.8528727548728705
stride18gc7585gqxhzlektv0n9f5d4laknhchsn26gvp,22980000,22.98,11.063394435216127
stride18hey2x4u65q9k2c5vus5q0j2wdh4lt0u2j9r45,7480000,7.48,3.6011397030207415
stride18hh3fhmhkslztp995sjg9nuzxsx3jrwhuphduh,11000000,11.0,5.295793680912855
stride18hqgswd697q0sqsy07gcg386jurzsjd9cldz96,15000000,15.0,7.221536837608438
stride18j343ycdutgvdlcuc2txqev6qyf84l5aj7xeq7,12283200,12.2832,5.913572085580799
stride18kkntusdpetf4uuzcz86eacfhws5a7kf6tgla9,2580000,2.58,1.2421043360686512
stride18kwhlvu570886v48gpylyyd0h430wnptz5s45p,15980000,15.98,7.6933439109988555
stride18l6nkytrasdezyprh6y7jm6jqsmf6ytxh3g736,1000000,1.0,0.4814357891738959
stride18pq9f5zk2c9mhj55elra99sywm967gzympfpck,8300000,8.3,3.995917050143336
stride18pzmqzxknxs44ex9jnx92rn2js4ey9ee032a9x,3000000,3.0,1.4443073675216875
stride18qrxstqezvplxv8nkyft9r2kadnv234xe6jy4a,4800000,4.8,2.3108917880347
stride18rdyjzxvlkg6sg47ulnpzqz8h2r0hgnr4syzds,10000000,10.0,4.8143578917389585
stride18rur4dy5qwgzmdwhdnl6mrlsp6cp8d70v04d58,1010000,1.01,0.4862501470656348
stride18t59sutazpt5d9t0rcnphpjs5y9v4ng4m3p8qe,1123700,1.1237,0.5409893962947067
stride18uhe265p6c8l5dhuxngkgfdtf88v6y6xvsg03q,9960000,9.96,4.795100460172002
stride18vvrk3xts393tmwwv9jz4z0zhuy0hvjfl0ud74,130000,0.13,0.06258665259260647
stride18w4fa4jlva646p8kwmjweadn2qu2npn3vwccqu,8980000,8.98,4.323293386781585
stride18wfrck80y0zrq0v807gfxz78556lc4aq7kpq7x,12660000,12.66,6.094977090941522
stride18xxufx2yy6gefcc2dazda2k73drej34qfz2ktk,5000000,5.0,2.4071789458694792
stride18y30qlzs450wpf5sxjas2k2j6d05tcrjgdkyaa,150000,0.15,0.07221536837608437
stride18ymwp227tevy4afs8cedt7lgck3crusg7udcuy,69980000,69.98,33.69087652638923
stride19070avsgy3w6u05405fdsl4w8gqnef53daeepf,10000000,10.0,4.8143578917389585
stride192yc3zp7gl987py3cvlsvh28x5dc5pmhqyqzpj,100000000,100.0,48.14357891738959
stride192yswn23xs4m342ytyp58lmr6mnyjmpvqnyjwj,2480000,2.48,1.1939607571512618
stride19304zwwcrgqtqtut2kv8gxkl8y9sn0weqy6hyd,390000,0.39,0.18775995777781937
stride19349tzgs5zp79tzdq7sxxh9k2xs29yurekp8ys,10314600,10.3146,4.965817591013066
stride196l9e6mk5ne08r7jznuktsex2euc5wgqgetu7a,1280000,1.28,0.6162378101425867
stride196mzywj9mpjxklwc0gs8g9mdfgvr5tmp3r448l,296303880,296.30388,142.65129230308733
stride198w4fxqy2zjwajdnx07cg5a47c0ejwa68l73ng,7000000,7.0,3.370050524217271
stride198zsg3w46vsej9dn8tdu30hh437ds9elws2erd,242415310,242.41531,116.70740607768461
stride19dlhldfqyjddqvret55ph0yjl76upp9ggakr70,50680960,50.68096,24.39962797369065
stride19eqqh492tr2flkxs0xyjga4d8r7zgx7m3f5636,7145020,7.14502,3.4398683423632694
stride19ftad5hq27s6upp7hpwnkwftmdvt4thfl6lmy7,987000,0.987,0.47517712391463524
stride19gqgjg3qwvwa5l5czxfkd5dadxejrdc7xq6lny,324810,0.32481,0.15637515868157312
stride19h5tgpk5hue7atcf0szl5jqcy4eyreke6907cu,402380000,402.38,193.7201328477922
stride19jd2ywcamhkl6ln8a7y6spw7yz530d0wqnrkxa,130000,0.13,0.06258665259260647
stride19jfu8esg7pt8s7lkgk88pc0hn4efm4hr6hxjjs,102000000,102.0,49.106450495737384
stride19ldh6m483ywl4c0zt0yn4fay2a9x4xnzmg6wmf,101000000,101.0,48.62501470656348
stride19lep0waggy48yyaal9d9sgf5u2tga3gj95qgre,12000000,12.0,5.77722947008675
stride19m74dse2xqcr5nw78zq4rfq8wcpqxkk7gr35er,1500000,1.5,0.7221536837608438
stride19n3adpzp6rl0lvukgyrqtteghw9tvqde48fj2h,922100,0.9221,0.4439319411972494
stride19pvae3ug5ku3xlfg3rd4fsn2sn242mhhp4cfpu,20498710,20.49871,9.86881262589683
stride19rgmhtscem9davjqq3pn6u4h4v730g7tfl3e8m,14980000,14.98,7.211908121824961
stride19sreat7xl3g8jrepm23keqe5zt73gl0dhyg444,8000000,8.0,3.851486313391167
stride19tqpf8sys0757llg0xna665ve5acaes08lttcr,330000,0.33,0.15887381042738563
stride19tx2rvtmd904p8txh27cah0j3duy2s0gzpnmxs,8980000,8.98,4.323293386781585
stride19u6n8hl3d54c5qty56642uscnujsl7cgux9knj,5063610,5.06361,2.4378030764188305
stride19uvw0azm9u0k6vqe4e22cga6kteskdqq3ulj6q,299971,0.299971,0.1444167751142827
stride19vf5mfr40awvkefw69nl6p3mmlsnacmmfvxc5m,150000,0.15,0.07221536837608437
stride19wwm9dgvm2rzqvgktrxxkfw92wmqpyr749yjtt,1260000,1.26,0.6066090943591088
stride19xhu4v5gfw96u3v332w5xdc6ltk5pp6t6dskqj,15176780,15.17678,7.3066450564186
stride19xj7al674unvec7pzze64cq8efpknc4ghkg742,2419980000,2419.98,1165.0649810850446
stride19xmylmagyekwc89e9sugz7nlvkml08hfwyxkn5,500000,0.5,0.24071789458694795
stride19ydml4skxuznj8mflp9hwlk8p50t9lqscptxg4,2143000,2.143,1.0317168961996588
stride19zku5kfj723perk5qgy0gxadnup7wmmldwxkau,1153150,1.15315,0.5551676802858779
stride1a0scl9zrnf5dus5s0dg779cy2wh6h9ncre9z8e,101000000,101.0,48.62501470656348
stride1a2wgvu28zlt355u5sntztutczw27rrt6368czq,12717670,12.71767,6.122741492903179
stride1a5yrunz8lvljn6ejrra78q7pzc3mfw4n8pt364,5080000,5.08,2.445693809003391
stride1a6kapwt43a2h793wdgutz63m2npv2yrxmshm6h,12500000,12.5,6.017947364673699
stride1a8hmzs2fgjxpcdyvzgsuytzhh3uhrs2j7dvplz,20500000,20.5,9.869433678064865
stride1a98nd448r9ztk3umsnkcz22ay8nxh5vhfsagwx,100000000,100.0,48.14357891738959
stride1a99vdzknr8mckqm7g99g42mmacq2yhkqlxq8z5,49980000,49.98,24.062160742911313
stride1a9fjv74zxynm2gqylsx78a6cykl594s5ajcw7p,65259390,65.25939,31.418205925657045
stride1a9kpek6dl4cnc68tvud5sv9hczkm3509s2uh9a,146600000,146.6,70.57848669289314
stride1aawzjnrelfytjgf3v06ws9hc9nq9hm0snnd2cs,1000000,1.0,0.4814357891738959
stride1ac9csg5c4ks8rpjqfz5ql6xzj7evpc8tggvr4n,1745240410,1745.24041,840.2211940865236
stride1adqeglychswah04f8w3jfnurjkdt9f8h6hq8pq,18700000,18.7,9.002849257551853
stride1agdclsrqae2saqusg52x6tjnh8vavv0ztug8d9,42480000,42.48,20.451392324107093
stride1agt7g0clnrhgjem5fhwlzcakjyyn5z5exjxkzu,8768200,8.7682,4.221325286634554
stride1ahgad4qvwuu8kclulrgpe95j03aas6weyzdnq3,2000000,2.0,0.9628715783477918
stride1ahm8pqwqx00ld7arv7fyfefkwppt569dmx4u7a,1235190,1.23519,0.5946646724297044
stride1ahsgwdj3g8ca6dn7kwhtu029spg9jgx8vq6zcw,2000000,2.0,0.9628715783477918
stride1aj3gwpa0m3z0n9mufpyd0d6sl3cws5ed2d98gt,199980000,199.98,96.27752911899569
stride1akkn4ae442ns46wa0l9yq4ex43r4ja79vq70x9,4480000,4.48,2.1568323354990535
stride1al023rlcr04q24n36psc9z6rzuq3p40jzf6u34,9363060,9.36306,4.507712180182538
stride1alk8p6hh58nyctjcccuwcrwl4hswzch0twgt2k,2194000,2.194,1.0562701214475276
stride1am99pcvynqqhyrwqfvfmnvxjk96rn46le9j65c,150000,0.15,0.07221536837608437
stride1apqw3scu8q6l3ktfxnwfv3jmdm445j47a5h7rg,5000000,5.0,2.4071789458694792
stride1aqd7g023unxu6n0frvtqyezhkqaa0njpgcmlej,25000000,25.0,12.035894729347397
stride1aqzqnr9g6m0su6zaw5hparfvzs6rkyd5hk3n2c,147837230,147.83723,71.17413349433275
stride1ar5cxc60sadv0el9235h7wvrva4c9e7v6wm06u,1100000,1.1,0.5295793680912855
stride1arewqj0qyeptyae082f7l5gldkgge027jn8l9g,11250000,11.25,5.416152628206328
stride1arl3wnskvm5xh4vaev6g94fy9ty8xlu7y6jydc,6500000,6.5,3.1293326296303228
stride1aum4kuw37amg03xd8apny6gkjd7ex4ue5qtsk6,1050000,1.05,0.5055075786325907
stride1ax00cqwqtdmtsqzk40ls02pgdkdxd2299hea7u,2980000,2.98,1.4346786517382095
stride1axwn5jls5f0ww6u0whqpcn32ur3ulh2hkeygmk,9736560,9.73656,4.687528447438988
stride1aykkqskwvqdnn06drqyfl89qvewghajlm2r6y7,14500000,14.5,6.98081894302149
stride1az0f6dhncud2ku4smyp0vz38fyhgtd4j2xdcu9,4400000,4.4,2.118317472365142
stride1azx64f8dg53cv4jm5jwk33wlf0ujl7nzlydmgd,152000000,152.0,73.17823995443217
stride1azyaw2v5lhcl49p5czqmv9rgmagfzrcxtedfvg,30505910,30.50591,14.686636855317843
stride1c0alnmdraq35ds7v7k4fcm3322dx6v7yxcy2n4,11000000,11.0,5.295793680912855
stride1c0rfgt4qfmy4wygx2sywwes47e3w37mape845z,15980000,15.98,7.6933439109988555
stride1c25y4202s0c5mw887mt3gdht24xlvk3r2qmnnw,150000000,150.0,72.21536837608437
stride1c36py3de66vmdx6ss98rxwzzpw43m3f874syre,100300000,100.3,48.28800965414175
stride1c485zft9h4tv5eyth4kj2kwxwku73ghrn8ak5r,1230000,1.23,0.5921660206838919
stride1c59038yvps64z3hgaauftrdl25yq04kq4radcw,30000000,30.0,14.443073675216876
stride1c5c74qtlz7zjaf3knmhgpatd85hc8kp88fpd20,7800000,7.8,3.7551991555563875
stride1c6428h6ty22tqxtxdvh6dp8q9crp8uhyzhgyxh,10000000,10.0,4.8143578917389585
stride1c7mxe3apxufc5jv0j4vmw5pgnraqqxvvpen39e,2246460,2.24646,1.08152624294759
stride1c7vh0j052zn4vf0lnalx82kgj52xzxqsxuj286,49940000,49.94,24.042903311344357
stride1c8fymac2cszrary506nxykvkvnv5djv5rkh0lh,150000,0.15,0.07221536837608437
stride1caxfsrsd765c3d2euvzu0xjrgj4v7ms9r6l7gm,2480000,2.48,1.1939607571512618
stride1cd2a8gp502fupjxxdvyacr4z4ku2cqahgrmrv7,1180000,1.18,0.5680942312251971
stride1cdhhgucfhmzpk5vcnssrlpgrmmq2nwndsewc8q,169490,0.16949,0.08159855190708361
stride1cds9fdym40240pxwj0s74y59jugrj963cnr0za,400000,0.4,0.19257431566955832
stride1cek9m7ph6gnpyalm9r6ssfpfuw7yx96fv04jfy,2900000,2.9,1.396163788604298
stride1ck79n73990k8vrv5u9892xnj5a2epfzk8usmjm,9626450,9.62645,4.63451755269305
stride1ck9pumz5x2640n7e3ppavzk2kcqg730uzzt7zz,7980000,7.98,3.8418575976076887
stride1cl4ewa5720hdn66gqtpju92re453j0jee3hauh,51980000,51.98,25.025032321259108
stride1cm6nqqnn65r7dc0x83u27v65ez2y6gm9aqa6u4,1500000,1.5,0.7221536837608438
stride1cmfpfreg97nkkj6na6prkw2ss73856q0j5h8hc,26980000,26.98,12.98913759191171
stride1cmj2rmuwv8gr8pqz7fq3gm6cu6hderwssk78np,113925740,113.92574,54.84792854412008
stride1cnqcg9rq2azs0vrv2jzgmdhea9ltcuv6kh64cg,200000,0.2,0.09628715783477916
stride1cpc4j57pnyqjtxmaa27y26tjn8ruxhcjgylm5z,58510630,58.51063,28.16911132911183
stride1cpeknh07yc0lxxg22mv3jehrc97eecnj5xwslt,2097080,2.09708,1.0096093647607935
stride1crckdhfjpq4rn2prnf484fk7n239qtnm7tfkh6,4282660000,4282.66,2061.8257968634766
stride1crw45e9hjlgg4klpvc6zy3rrr03z65rfjphk4v,40680000,40.68,19.584807903594083
stride1cstv5nus92sjy923rp2377688s5v8gw9lj5fw5,149980000,149.98,72.20573966030089
stride1cw7hn6y8zn46mt80ns484f8kuk90aq5f0gg8qx,69000000,69.0,33.219069452998816
stride1cx0yl2a98wqk90d7kne8fn26jjdey4cuwg88rx,10000000,10.0,4.8143578917389585
stride1cya07r5t3atfnygkalt7h7ecwa2zxwlhgtmwvx,27980000,27.98,13.470573381085607
stride1cz2csufx76fknp8z3z85mren77j33gwv6lfj73,15460000,15.46,7.442997300628431
stride1cz3rgk0mnhqtj54u6a3z4wa6rzr7f9ddc85wfp,4000000,4.0,1.9257431566955836
stride1cz6gt6jcqctyffjl5dkg8ly7fkjlsulfwx3443,9880000,9.88,4.756585597038091
stride1czw50y97zentdcyamsnc8d3t3mr5tn49kpswxp,2000000,2.0,0.9628715783477918
stride1d09hgtyhza07d0vcsl3jvwkmp5fte7c3edwwpc,4000000,4.0,1.9257431566955836
stride1d22uprj5tx897n5lzn9882w0fexcg2csyv3j0t,19980000,19.98,9.61908706769444
stride1d3lde6zj7v2v6tt6svmg6kns2r2xy3kea4d3xg,15000714,15.000714,7.221880582761909
stride1d3z75044sme90rmh9w9z44cmpdx6z8hwkx78el,5500000,5.5,2.6478968404564274
stride1d43gwrh6v2ewyc3jc5760dsl38jmkxdmar070u,38100000,38.1,18.342703567525433
stride1d7t3vjflxxgx67vqyrnyhjcjpghqhf07w6qty2,2267370,2.26737,1.0915930652992163
stride1d8w5ju4xrkzjxk8dxzq0mdgu2lpvqgyh3q36te,1980000,1.98,0.9532428625643138
stride1d9j83ll3e0jh5w8kycjcmzcm2wdy0mr3t0uu2n,118000000,118.0,56.80942312251971
stride1d9urmdrc3e2lgjktckn9vzg8es3srazaamxw22,85440000,85.44,41.13387382701766
stride1dcxtcdrdnqd36g7htz6tf0f2vh7p0kaz295pda,369161910,369.16191,177.7277554737927
stride1dds94ypfvpthxfagnc6nhp0w28jpzvyrpzgvz2,280000,0.28,0.13480202096869084
stride1df7p32t2kyxf2esqhtl93lvq8cynuu2esxx32g,161660,0.16166,0.077828909677852
stride1dfa6w9f9wapf33aqymtvtrvk2rmwnzldg994k2,25000000,25.0,12.035894729347397
stride1dh2c9svrkahv4szpn5wm9wwpxfcy8cy2a3m7xn,6080240,6.08024,2.9272451427666883
stride1dhkdanmn24fymj5ve8t6jl58uwdrslrjfttg2g,2980000,2.98,1.4346786517382095
stride1dhzzvmfnw2esmu52k9vzwuu08pwt0zrztk0frg,20000000,20.0,9.628715783477917
stride1dj3n3pjz89szqe3vd3jqcyh5s2h9p80qwnt3s7,15143920,15.14392,7.290825076386345
stride1djqpcjyy2rcphlestk64l3c8pt48udh3z24jsr,62300000,62.3,29.99344966553371
stride1dkeg33d6q7gyvpk9gjmcqntu7m8835u5p7ftz2,5835840000,5835.84,2809.5822358925884
stride1dl7taczrl0ygc9p7tedgfn93ah5ka3u9zg8ntd,5000000,5.0,2.4071789458694792
stride1dlrhqqcj9pnyly9z3u74wrd80tjpzay4q99w44,1000000,1.0,0.4814357891738959
stride1dls7x2ndtg8axzz4cx735ec9j8s0s5txnk3eu8,56647450,56.64745,27.272109795438805
stride1dm5wfrlahz40e3u54lr3wlplqj6ad0h9dkpd9f,700000,0.7,0.33700505242172707
stride1dny2e9tgmmxn0cplgs74hq5scavykcw86p6ery,75647860,75.64786,36.41958717841639
stride1dp8q8uqt5jenw03xqd4d7yn5uqnt8gcjlxux3r,15006330,15.00633,7.224584326153908
stride1dqxyc2pzmwrw0v6e8nf9alsz9d42ffq9dsdfn7,121000000,121.0,58.2537304900414
stride1dsunl9mpp6jwk8ws5fqrvtm2vwz2ymsjzvqe5k,302508700,302.5087,145.6385147164693
stride1du8gvmmmq6z5cqv9hdz3vawndm7uphlw4e69e9,9980000,9.98,4.804729175955481
stride1dvfs7lzahxw0alfqmput49g9zpzx6c00j9z9hr,160000,0.16,0.07702972626782334
stride1dyu20ajh5hahfek4wxnr64zg3sq6qfmyh9ttuy,1030000,1.03,0.4958788628491127
stride1dzyyf25864mtp0854vpy2jzqnacljwxpzyh8wv,6039520,6.03952,2.9076410774315278
stride1e0d0daqr34t7kgdumgrlrwf7xye9alqf3pnv5t,6200000,6.2,2.9849018928781543
stride1e0v83jk03v04n2we9ha4hq4dwt7sq6gktwltdv,1511760,1.51176,0.7278153686415288
stride1e25w7wltwzfhplnaw60zhll8pnxsjzc3kwgxlp,13850000,13.85,6.667885680058457
stride1e3epmxsdl38m2s2lc8z7nagun5nw4dc3kffqaq,25000000,25.0,12.035894729347397
stride1e3u2ec7mc9u6nxss7mglahcq3m76x3t75fevsf,20000000,20.0,9.628715783477917
stride1e5qhaq74vj5svwy7uhgsy7urmspd3k32w4vahn,209980000,209.98,101.09188701073464
stride1e7enpekdj6w2352umr7m9g6m87rcj22nf9m029,980000,0.98,0.4718070733904179
stride1e7u6zyqfu43ak3xfm209pk05c5hsplfaajg9wf,25232850,25.23285,12.147997052856537
stride1e86tumjxd04sdsvz5pvadds8x24qnydl70ex4j,75780039,75.780039,36.483222879593605
stride1e86vv4u5pkvlkgadct2jhrq57zqlls82kznvjq,49980000,49.98,24.062160742911313
stride1e8d7s9ennj2n2cxsv7rt5nyrkfy4rae32f3kc3,180380000,180.38,86.84138765118733
stride1e8npus9ythl95hnyxyd975ppagf4rwp8gy6pl0,99980000,99.98,48.13395020160611
stride1e9p8t2p8mwqwmqaagqa3vfpk2vthxjk3hjjegc,1000000,1.0,0.4814357891738959
stride1ecvvgp7vspxxtzj05t9y3ys3awlxfwe42mgzxv,5000000,5.0,2.4071789458694792
stride1ecyx9wzny4502p724t52vpc980ma5uwmdvgkph,18980000,18.98,9.137651278520543
stride1edlew644kzjgcx7lfzyh7wh4jh944e8zxpn7gm,1010000,1.01,0.4862501470656348
stride1edulqalla6lq5nsk0lp2hshdr4zhk5rwarvkvf,9979680,9.97968,4.804575116502945
stride1eeglvldg3txkr6yx7jjfzq9epe244dxgyyde2t,980000,0.98,0.4718070733904179
stride1eenw7krvg777ac3w7u6axlc3hgx8scy2nrpzft,4760000,4.76,2.2916343564677444
stride1eevjy7gad3tn2st3jjkk3ejtfls6nl2qafhss3,24980000,24.98,12.02626601356392
stride1eeyy2y3nwcnv4s3qfw7adfptl3edv9pv4phfw0,10230000,10.23,4.925088123248955
stride1eg3hlclnjmdc5uettk0equzr669gakjjvp9yrj,6444330,6.44433,3.102531099247012
stride1egq6gw9vkc24zwr3tdq9fv2drwlu8vaaj8zl2v,980000,0.98,0.4718070733904179
stride1eh9sh7znpxqvdr3az796ueejjmnzvd2tpg9k9g,1980000,1.98,0.9532428625643138
stride1ehz8w7hkdj0860r7wy3pem49xskzfd9j237v92,6290000,6.29,3.028231113903805
stride1ejhgqttsncrjk28hxmeaa66cxwcgmj0pme87l5,1800000,1.8,0.8665844205130125
stride1ejpx6eddy8pfky2rxcyr70erj6fu9x9rj60k83,48725110,48.72511,23.458011785434884
stride1ekjajkh3cpvztlwnpgmucr5kt6e9hradz6v627,3850000,3.85,1.8535277883194992
stride1elfhsez4pyz66llrs6ukqp5p07v9vck2q859mk,3980000,3.98,1.9161144409121056
stride1elt0eazh78wtfn2v93xs6dh732ayq0962g4cuz,4900000,4.9,2.3590353669520896
stride1eqe8q2ylmfegkxxgvwgdz3ap5hwqtewck79xtx,1380000,1.38,0.6643813890599762
stride1eqkle6xszsmgn22lkpzrmu30kl0l7zn4j0wes5,878580,0.87858,0.4229798556524014
stride1erh0lvq0c7vhhddmahm77yll8yjg47hppavpyd,17772900,17.7729,8.556510137408733
stride1etca2z92us70cxpq2g04hcwn79jq29lx9v29fp,8400000,8.4,4.044060629060725
stride1etltrk88jyye62lynfd8e8zhnu0lxd9ucf4q6g,3200000,3.2,1.5405945253564666
stride1eugx89egzgs0lfv69dzuxqmqzaddn6n38hflnx,1480000,1.48,0.7125249679773659
stride1f0pztnf80zkcks6vp8l0az7tkup0afefx534tt,5010000,5.01,2.4119933037612182
stride1f2yycyms55kmk9rmz6ax5hhsm7g8vv8yw34w26,1005000,1.005,0.4838429681197653
stride1f3xnt2t6qtqlwcqu42elxncyenqglu9fhq0cwq,35000000,35.0,16.850252621086355
stride1f7h6ta3rpnrm44uw4vwkqt8zcvh76jn3swhk6j,52194340,52.19434,25.128223268310638
stride1f9stm42q5crjhyx8drvfzhxwu7ttzhqx2g54mv,14976800,14.9768,7.210367527299603
stride1fa97z0cp8qflwekkph33yncngja8tmsz3v8k8m,8000000,8.0,3.851486313391167
stride1fcc0umhfthpm59u00rfjccndxdumxk32y8yuy7,14065760,14.06576,6.771760265930617
stride1fcm4h2h6yulx7qe0p9jtxjy83eh6p9tyndtzwv,8000000,8.0,3.851486313391167
stride1fctkzms7hr84t0hurdxldpxqz03339gw7fz7wx,121137470,121.13747,58.319913467979134
stride1fg43v4fh76ud755u9tluh3x8jm2r6k5s6cfncn,1079034390,1079.03439,519.4857730954234
stride1fgqazd6uat9c0hgq9qw0get4kac6md2lpaaymw,4980000,4.98,2.397550230086001
stride1fgwaqndwpl2hmk6vv98vt07fkefvx46ww4nc5r,8000000,8.0,3.851486313391167
stride1fh8z60rs2mpkhhamav2pj4gzf3prn6kfc40f5j,7000000,7.0,3.370050524217271
stride1fhrxn5n2ce7n4rm3n0e9zsuccjjp724ypaka34,230000,0.23,0.11073023150999604
stride1fhw0x2yqj0wym4wrg35azrqnllymc4nxdz44cp,25000000,25.0,12.035894729347397
stride1fk3hnka69csn59g8elte4w77sf9nff3fzlwz0h,9980000,9.98,4.804729175955481
stride1fkgdr2xsvdq6476egtyaksp4mkaxyec995p7xl,100000000,100.0,48.14357891738959
stride1fkpsd862cvy2qpehnkay3wm4cz4ndnc29k9drz,80921620,80.92162,38.95856398593011
stride1fl6df8jfd0zh4ljmdurnhftjdyt02y0083dque,17355200,17.3552,8.355414408270796
stride1flnvellzgsm0pex6y4r74d7lfldwe4fae6ge8t,480000,0.48,0.23108917880347
stride1fltgn9qx96xm5exrxcgtzyajglhdn6zvaee3vf,16000000,16.0,7.702972626782334
stride1flv2j05hmfztweez0gycw5le24aajaklw4hldx,15980000,15.98,7.6933439109988555
stride1fm2h9mp4xrrumdrjk2w97hltnrt2u2twyppdwe,32960000,32.96,15.868123611171606
stride1fm75665ngmepzptd5xukue0hu7lwy7wuxf2793,2980000,2.98,1.4346786517382095
stride1fqw4urjl4u75l04k8ndmj2f5n5g4skds89rq27,162900000,162.9,78.42589005642763
stride1frhuxp4ypg5tkn4t8swhpa4msrzxq4wyxnghd2,2000000,2.0,0.9628715783477918
stride1frk2uh788h3ewy7eu429kep6690yknk8shxw8q,5000000,5.0,2.4071789458694792
stride1fsq5avlsvr6xjrqfsh6jaqn6wra65amgtk8jlf,1980000,1.98,0.9532428625643138
stride1fsqedaj7asaa8fvtld9tcc3wg8f9cr9sm53f3j,24980000,24.98,12.02626601356392
stride1ftw38q80aacjyjuz5xhxcc5t6m3rvp79rfjpfd,9980000,9.98,4.804729175955481
stride1fvqtvtxq4hh3rm4hsnd60dgqy9449pptrpahgp,131000,0.131,0.06306808838178037
stride1fvyx27e3nn4vmjjscpnc0vqxnnrlphj8tm767q,3110000,3.11,1.497265304330816
stride1fxj0s3n8d53v6xhzp8wrf2fpnupte7v3vc3ptc,193084050,193.08405,92.95757198864196
stride1fyh4642mht5xdx52ch2k6s5lcdyr2jtzunsk6e,1400000,1.4,0.6740101048434541
stride1fzu5z7xxwaff68m3jjpspg5pzccqhzc7nkq0zl,936000,0.936,0.4506238986667665
stride1g3av4tadceud9zvn5h3lce9457hs7npj6l252s,240240,0.24024,0.11566013399113674
stride1g3we5z3h0323aqseqkxpxu0ngrktezvt2p07dl,11980000,11.98,5.767600754303273
stride1g4np973a2p5hncfsauptjj6tz9ykxpclzpl4rr,4980000,4.98,2.397550230086001
stride1g4rk2wc4vu60ej96tgefnff30avkj2tcww4m6k,1480000,1.48,0.7125249679773659
stride1g5m57dtfa6txvencd65jghln4zsfq7rwvw3ztk,126595900,126.5959,60.9477970226796
stride1g5ur4lf7hgfjuat9zd5v6r0v073yzh9rx7jpx3,1000000,1.0,0.4814357891738959
stride1g5weds8mc3jn7zg0yjckfqvpgfmvsn0j68anzy,12980000,12.98,6.249036543477168
stride1g7266hgx66am968gml4pk4jjh2u9rqk4uecy0s,6000000,6.0,2.888614735043375
stride1g775g5u284q96zq8d0q948tj50l3luf749q3km,16000000,16.0,7.702972626782334
stride1g8z8gg3dzr9md4288t83yexvsl63t56qlt58pl,15980000,15.98,7.6933439109988555
stride1g8zry4w76f2t9pe8zhv3xn852js0tmh4ju0d7h,4000000,4.0,1.9257431566955836
stride1g93ux6aj97ny7dh6g3u3eerv9nnvlh0dhzaxa9,109000000,109.0,52.47650101995465
stride1g95pkvxqfhp0zhrcrka3g38q8wmap6dlcffr7k,2080000,2.08,1.0013864414817035
stride1g989w3gr8n8ue2uuzcrjh6k5cjyf7jkzc3lhkz,1480000,1.48,0.7125249679773659
stride1gakrehz73053ddska7l2hpkcn0afypl2ergwl4,54000000,54.0,25.997532615390377
stride1galxncrza6pdxgk2t628y50n0jv2s5ee2k32px,103982630,103.98263,50.06095953442722
stride1gdcstw4696n85k9vfgm9hazk939elfhugff8uv,550000,0.55,0.26478968404564274
stride1ge7ym2cfnuuq6k5gudj620cyam2lkzfdn2vh36,3000000,3.0,1.4443073675216875
stride1ggdh3x5t4a6czrpq4rrg9j7djm0e8xp9m8350r,20980000,20.98,10.100522856868334
stride1ghpr6f7kam2z86k2dc763j64ja5xsnt2pkm8yq,1800000,1.8,0.8665844205130125
stride1gjxhjudqcu0ekdzlda6vt6m9kyzranwm3968kk,356480000,356.48,171.6222301247104
stride1gkwc6elz7p4g6zw2sq8u4hyqk9xt4jp20uepfu,5790000,5.79,2.7875132193168572
stride1gl0nyu74cv9wypy7hcuass06e8ap257mxqrvj2,144211920,144.21192,69.42877951348274
stride1gm4jceunfw78eee8a0n2wa5cq6q5sf8p3m8cpy,174500000,174.5,84.01054521084482
stride1gm9stluhw4xklwyv5kwx9v3veqsm2uq9nnfwfe,7000000000,7000.0,3370.0505242172712
stride1gnj7rh5h360ez824sp34zu3ak34557zv7n0vwp,175000000,175.0,84.25126310543178
stride1gnr8wlc7864w5yhgeyu49mrfh76fehktse8pmx,2000000,2.0,0.9628715783477918
stride1gp94e2st9x758dc996vlcw4uaflphsgkwlzf9u,9980000,9.98,4.804729175955481
stride1gph8dkzn5nmhhtypk852wth9cfw26zv0jxf2dg,44182930,44.18293,21.271243772565
stride1gpw7zf88eqv43pm97twhhwd2a6w4nhtghk6kdx,924250,0.92425,0.4449670281439733
stride1gr4xqrhmn44a7uu4ddhdulyrngxs0w2nt8atrv,7000000,7.0,3.370050524217271
stride1gr889htvlw0rcmrszj56etqdjwrvd09mmcnuel,4300000,4.3,2.0701738934477523
stride1gs38g7yh9c6srr7hyp9knln4jcm4ckcqqyqrdx,25000000,25.0,12.035894729347397
stride1gttegjaudlt7aspawztsehn8p8p5xg0prvh7k8,14980000,14.98,7.211908121824961
stride1gue2760lun5mhu7tkht7vwp2v4uukksj7zucpr,100000000,100.0,48.14357891738959
stride1gup4pcsyr8vuqa574ydmhaxqq4jf0w6pdzx3fh,24980000,24.98,12.02626601356392
stride1gv9tnchg4gywjqssraj8sst8mjrhaspqvnhe87,27980000,27.98,13.470573381085607
stride1gvsqfvq69rgaq8k80uydrggjhk9tcscsr99ke0,40000000,40.0,19.257431566955834
stride1gvtlcwnkrz6zwz8knc73xs9pkt7mrtrd3m6gph,188000000,188.0,90.50992836469243
stride1gw2dhp3anj4nlh8hrslsq2tg6wzvnza49etukg,2680000,2.68,1.2902479149860409
stride1gytmmztflnm3naxwwst0jh4lnpu5lw9zv0g5uj,11000000,11.0,5.295793680912855
stride1gzp8ygyq3t635fzvgc8hmlnud7tpqal6znjlvd,8480000,8.48,4.082575492194637
stride1h0hm7pracdgp727pt7t3hkxa98w7ltq5altye9,1945761,1.945761,0.9367589825787889
stride1h0r5zscgx3ajrg4mcmhqskd3fq0k2v2trcf9e9,600000,0.6,0.2888614735043375
stride1h295kur87swge9sjurpeqnpwy86d8740eu9f8u,15000000,15.0,7.221536837608438
stride1h3s2gf4yp6tzlq5tf8jh6r857fvr4hrvghm7mj,1700000,1.7,0.8184408415956229
stride1h4vhm47q8eald78yg58crjmx53exnzl37j8ttk,130000,0.13,0.06258665259260647
stride1h4yewxxfkvt6z3d4hk58f2w2zvyurx45fkzfzq,9980000,9.98,4.804729175955481
stride1h6zflde4eps8etkwnpsd4yh94wpx2jqqmzxs82,280000,0.28,0.13480202096869084
stride1h7xtcxsh356vfcygglrcn67c8jk47mkx6evl93,380000,0.38,0.18294559988608042
stride1h8fpf2lwrcynf4vzyx2f9hjtemaluhzctq5f9p,3568160,3.56816,1.7178399254987284
stride1ha9wce9kfunetectecxz529ug43yfz36fqlh7w,295000000,295.0,142.0235578062993
stride1hc06v8mr6aqa4rpfhnwnfe9xjcxemez8vm674r,10000000,10.0,4.8143578917389585
stride1hc0fqn44kngjzk8daxucmsvuq0y3rt7herx8y5,2780000,2.78,1.3383914939034305
stride1hcc5vg0yememvuzclhe4lkm7f7wzg7feyxsgat,230980000,230.98,111.20203858338647
stride1hcj67a0jfmy3pk4nth37zc2jntw5my538c92vy,12000000,12.0,5.77722947008675
stride1hdq9n0sq6wje79xglgqqyy0s86xxxykuhaus3y,30000000,30.0,14.443073675216876
stride1hdy3dydep5ykjpyfxase43tudu3qdtz08dclry,19980000,19.98,9.61908706769444
stride1henc5tvvf4wz88nczxhms6px2gsfu483j5kx08,2200000,2.2,1.059158736182571
stride1hg96rwmwa9dsy4ktjy92g9pmht3de2jllv93ae,1980000,1.98,0.9532428625643138
stride1hgqndwy6zcukf8uqu0xzxmhtduvcjqhdjfnzkq,5400000,5.4,2.5997532615390377
stride1hgu6zxznj475aem904swpaphkxsptuyr7l8r8m,16661900,16.6619,8.021634975636536
stride1hheryepdqyamzy4vsh7alcjlwq5k0kfm8t8j63,3000000,3.0,1.4443073675216875
stride1hjlszpuk7slc06e6rzy4edfz5aqya739jhx2px,3064830,3.06483,1.4755188497338314
stride1hls859pjpq5gqyapxvk585p8fcyxgppsglal8r,7378630,7.37863,3.552336557072183
stride1hm7g8ep46hxxahj7wyjqz634r5hfpcxwx9rmw4,980000,0.98,0.4718070733904179
stride1hncz0ykgkma5shsh2v4lny3xx7g07z3y4kxx0g,25000000,25.0,12.035894729347397
stride1hndzztu6fwnlqw35l88qqjptssh6762parge9f,6200000,6.2,2.9849018928781543
stride1hpuzvp3sguqrwnf2094x57p2a9hrz95r5s3p2t,10000000,10.0,4.8143578917389585
stride1hqaanlhydmwg3n548eu2gusqrtsgaq9gu2ct3w,22000000,22.0,10.59158736182571
stride1hqz8gynuw92qwqqwneha43gk7v2ectgtyhtp8y,11427810,11.42781,5.501756725879338
stride1hrhsrwxyt84q3k3fffc6d8ert2yxhgluqazk8t,2500000,2.5,1.2035894729347396
stride1huu3jgpsuug8cse53dewfknxwvsskj5lx4ffhr,1010000,1.01,0.4862501470656348
stride1hv0vf4xphwhdaupj6w6ux79wwlekskstkfwamf,3980000,3.98,1.9161144409121056
stride1hwqya2ly42gtww0g5nupsmy8msn24kx34vaxh2,22460000,22.46,10.813047824845702
stride1hx5eeyjep4dwgckys9xx34akvtpy4ga3mz3xag,2000000,2.0,0.9628715783477918
stride1hycqqm6myykq00zmh8c4kafnu32ydtqy2mw7gz,3380000,3.38,1.6272529674077678
stride1hz3pu3vze8yc9efxd0gg44vp2p9dpdhasqqkpj,880000,0.88,0.42366349447302837
stride1hzkqj8uwaj7gf0c272gxq67e8udznkhcmre02l,250000000,250.0,120.35894729347397
stride1hzvlsqjxx5tarqfhlskjvst0kecxu3gnaqmxyd,12500000,12.5,6.017947364673699
stride1j34u5rshfj43s5aez4p5rjcjushucz7shlxuc0,130000,0.13,0.06258665259260647
stride1j3z2lah8c4ppfez9029224a7aptmt626ylaf8h,67500000,67.5,32.49691576923797
stride1j3zacrcywstjj0j9g032w76w6e0xp9s4ztzgyy,11900000,11.9,5.729085891169361
stride1j4732q4gmd8dsq9hjvmnvf0zny787w93xl9rq5,1010000,1.01,0.4862501470656348
stride1j5u4flfd4xmp7at9wwaujhuekyqmxp6zw6e9dj,6988460,6.98846,3.3644947552102042
stride1j6mtmgc2mcc4jvhgnxp87ggr03qhly3lv2mn0f,1000000,1.0,0.4814357891738959
stride1j88v2rsq697r5k3ld0te3vkpwy29ehv5fczcyn,29980000,29.98,14.433444959433398
stride1j89p2jyvh607p96saeh28sl9uyqtdky76dk5tc,5000000,5.0,2.4071789458694792
stride1j8lcyjssl25fclg6lupw5qhh72wpe22938lzzg,10858750,10.85875,5.227790875692041
stride1j97skql6tlf9ndpn660r5jetmq4n8x0fqz9zw5,1110000,1.11,0.5343937259830245
stride1j9jacv3pfrgy2sd9m9p9e7tn0xw5hknkt9x3h3,3000000,3.0,1.4443073675216875
stride1jdq7efmzmc8smscwmaw77vul7wptww74cjgtte,10000000,10.0,4.8143578917389585
stride1jfls3lfpzd203qhdfylk9gml2ndvpen5us9nmk,7600000,7.6,3.6589119977216082
stride1jfncfv0gltxjmw6kfvqval372djr4h7z8g2nqk,1800000,1.8,0.8665844205130125
stride1jg07a9elgw3u9vadqkzlvtcpf3xl75xwdncfru,5260000,5.26,2.532352251054692
stride1jh2hwfhgefm2fhaaskm6djlmur7pymw77pkkgz,50000000,50.0,24.071789458694795
stride1jhe5fujgm8j7xwl66m5yykjna32q3deuys8uct,35000000,35.0,16.850252621086355
stride1jhg348mscr6vhmh5ehhnjzmmpq90hjtj94reyp,11657900,11.6579,5.612530286610361
stride1jhm6vnyc82p0dmagta2rfflxg3j86mvrfkmjqh,94349450,94.34945,45.42320191887303
stride1jj0snz8hkd80kf086kak780tr3te4mmcy5k8k6,7100000,7.1,3.4181941031346605
stride1jkdes3q08gan2zghqu89ua2ra7sgz9pht5p0d7,5400000,5.4,2.5997532615390377
stride1jl249rmkkdh783nazp48h5j0sjdrwk5y68r5tl,100000,0.1,0.04814357891738958
stride1jl2843s5uat5zmm270wkzexlkvzzwms0v6jawp,293797460,293.79746,141.4446120123861
stride1jmakgjr8hzhg0t60s4qgel25v80l0t7ezlpky0,127590710,127.59071,61.42673416010769
stride1jpmcg9xmjsapmxly830w73gg9hw97frmk0yqmw,1422560,1.42256,0.6848712962472173
stride1jqjm409rumq68t3edx5p5kjuyvz6fl3rk9sx5s,3000000,3.0,1.4443073675216875
stride1jrytvgujpf5zyhpewpjtwelrgt5lnvsap3mpv0,4980000,4.98,2.397550230086001
stride1js45c952yfp93ygh6yyaz7avept066k0h00u5p,12480000,12.48,6.00831864889022
stride1jt0qcz2y9p58cpse4etjms804qdl3gunjhf9e2,116480000,116.48,56.077640722975396
stride1jt4lkv67ey7n6jxhn8a0lvqddqmdm96nt7wruz,1900000,1.9,0.9147279994304021
stride1jt59wglrqhmw08y9appg7cmwxkzu3mddu2dq7u,1000000,1.0,0.4814357891738959
stride1jtrw3e9a6ctxhxastq47tqgg6475q746tqp8jr,25000000,25.0,12.035894729347397
stride1ju5nvla353kmnxdlul3uadtet3j6kvggpcq7yl,10360000,10.36,4.987674775841561
stride1ju6eccjf44gkfle3zxdut83lhwnqs7xt222hdj,6000000,6.0,2.888614735043375
stride1juhf45hq45y50de00vmugj66mrkfrhcx9cjuwl,25000000,25.0,12.035894729347397
stride1jva9wjfya89xdrj75gaa83xsp3avyxlxzkwhkc,89480000,89.48,43.078874415280204
stride1jw2hdr3lwslpr420zhh4r7qnf5ypckjchsakmt,29927510,29.92751,14.40817439485966
stride1jwxjzpwdtglf7a35sackv0dn0hr9nk6h0pghy9,313160000,313.16,150.76643173769725
stride1jx7vaf0fey7ynyydy6wv49255cu6u6aar2kvm5,73000000,73.0,35.1448126096944
stride1jxhelzd7qgstqzl29xdx4ap4egx49kzxtdqasc,680000,0.68,0.32737633663824917
stride1jxwyvav79cq9gq9lv5mv9dqtma3akswuvng77t,7480000,7.48,3.6011397030207415
stride1jxz4duzmlj9y42awue3hkd0f088gt9jph4thdl,41000000,41.0,19.73886735612973
stride1jypavylyp3ddy2u5qtv472v8hhcjkxwvcd0whf,169637710,169.63771,81.66966478750248
stride1k02xsnap39yxk6l43npez5wkehhw37h4520x8u,4980000,4.98,2.397550230086001
stride1k0ugk3wt9mfxm7hytzgd2sp6nsz3hmfae7mxp3,2480000,2.48,1.1939607571512618
stride1k278k46nsvnc9ahx0n94qwt9qul7vea69cf64k,1500000,1.5,0.7221536837608438
stride1k2tylf5v03v3ptxe85wynfyu2d2dtvwp3e27kl,29000000,29.0,13.96163788604298
stride1k3zhx2vn7s24wnf2456frnc7wcrjnw7wqmwkx3,6800000,6.8,3.2737633663824917
stride1k5zzsku4cz6mtm73tq6jt47e6n8l8a5u40v9ek,8886070,8.88607,4.278072123104481
stride1k7jf576xnk20u7k8ca85lsnsdsu9q7wadp3ykl,50000000,50.0,24.071789458694795
stride1k7qkg3e7euk8x8ssnkhmepdsstz0a7cz8fzax6,5980000,5.98,2.8789860192598975
stride1k7zwpxj4ej7q0kgvkughxzecmsfdvqd98j2w08,249980000,249.98,120.34931857769048
stride1ka4wtnrtmhvgct5wnx46py2gkyxads4yp4y6mx,28360000,28.36,13.653518980971688
stride1ka5dhuplt9kmtekghuwj7se7ly0sn4jkcw805e,40000000,40.0,19.257431566955834
stride1ka9q6qxqrt8jf9cpu4h0lw0w54ft74fka44ljw,12696570,12.69657,6.1125831977516105
stride1kdw752ttzzrltklc53xzxxt49prydqz5lcw4sj,34780440,34.78044,16.744548579215333
stride1kfrjwuur93wthdwc6kpf36lwftdzz22we8qflj,93000000,93.0,44.77352839317231
stride1kkxgg2lhz753wgrrgl0ehzp5lxfam9qsahre4k,188241550,188.24155,90.62621917956737
stride1kmvq8ev7fkfj4zj73pra899png9kjmvzql9jy6,6980000,6.98,3.3604218084337933
stride1kp5kc3h8gm0tm2s6pxrmug2aquv92tgyfw9ywx,1480000,1.48,0.7125249679773659
stride1kpx0mrlnfll9a7m9kwj2uh5v2qkdg4ar9gs0xe,3980000,3.98,1.9161144409121056
stride1kpxzd256pawv40r4azwznnc800lxc8vg2xs43q,15012033,15.012033,7.2273299544595675
stride1kpzx9nxdf7drx3vft54ej9jcxan3pnmd9lm72c,7800000,7.8,3.7551991555563875
stride1kr4wjjlmmsk99cmz8rr3ju8eqwtp7efe04qr2v,2480000,2.48,1.1939607571512618
stride1krfmhqvfzmxex5uw5atjwfs9xpqel6hvrkj2s8,150000,0.15,0.07221536837608437
stride1ks3h4q0qg58ptg22x9nrjj9vmje847fgukf26x,500000,0.5,0.24071789458694795
stride1ks3p0rtxkph9us3rg5z3as2hl4gfq4fuky7rwf,21980000,21.98,10.581958646042231
stride1ktyep5shj972cc7j0ksjduytff5jaeqhv7zg9e,50470000,50.47,24.298064279606525
stride1kw5qtpnh2eghrtu49l92v8lzcnvl8a049e5vnq,4900000,4.9,2.3590353669520896
stride1kwjc6pv8y4d7lwgfl26vj4c847pqutnym7ruzc,32000000,32.0,15.405945253564669
stride1kwtmealuwjmmwlfz7r877p0k9zveuh07fgr248,400000,0.4,0.19257431566955832
stride1kyaa5h8evpcsvsfaquqg62mkec9gk77vjf8ny5,17500000,17.5,8.425126310543178
stride1l0f2ckdsx07jnxcy3ucq5x3fw6ttnrgjgen6zv,20900000,20.9,10.062007993734422
stride1l2j2a88sxhescp6pf53alc8te7mm5fx9wehuvy,5000000,5.0,2.4071789458694792
stride1l2wq92vxayv9lhs6969hq73m0qsrr9jelymwg0,19000000,19.0,9.147279994304021
stride1l3hlfuw83f43aff3j5mr44kjlt9qmwvfdfjv58,200980000,200.98,96.75896490816959
stride1l5quvzk60u99699pfzekgwn7r7pfewwj3kmaul,15980000,15.98,7.6933439109988555
stride1l5x5tzg9v723nurtvkppst9e0q3lmkncgdr6z7,790000,0.79,0.38033427344737775
stride1l658lngke5dndaycm8mh70jm7p9mfhhnyvjycg,3200000,3.2,1.5405945253564666
stride1l6yl70efpg785kyekcp0m0epawd6wvchsawp8w,1480000,1.48,0.7125249679773659
stride1l743gzpc0xhymud2lhpsatl699u8kxe00z455u,1000000,1.0,0.4814357891738959
stride1l96r7vakhwjg8jrd95pr3nvlefwzashaahrhmc,101000000,101.0,48.62501470656348
stride1ladksdscgaduysdpqxrdnhkmluxyez53f0emrg,105479999,105.479999,50.78184656062675
stride1lafjclj8wzded7qn5jqsu90clekvyrxp6v3dx2,10980000,10.98,5.286164965129377
stride1lcfgsnhlgxtq8dklaljz87d4yak666k5ljq7es,1500000,1.5,0.7221536837608438
stride1le44m5k33mf5akamjak3ncndr532l66xtcj8zq,8700000,8.7,4.188491365812894
stride1le4tamras80hs4w7mr0jzr3z6kugzrjfwdcj6n,269960000,269.96,129.9684056453849
stride1leqg0lmvx2glmum8f8nhpxykq065u322egj2ag,411030,0.41103,0.1978845524241464
stride1leyc5jack8r2qec0flpmmvs348h5lcgry6rfy2,19980000,19.98,9.61908706769444
stride1lhfnsx0yp5g7nl7m6pk5d4d03d4t5997tksuw3,18767130,18.76713,9.035168042079098
stride1ljrtvgenhmzjdunrhmntn8uckx7czyc2amznz8,6300000,6.3,3.033045471795544
stride1lkrd86urrmhmsvgzfygjsguv3cgv00369zrr4y,5208670,5.20867,2.5076401519963962
stride1ll0kes9cnl7c56j52wt6aen453tldz5xvdllx4,10559510,10.55951,5.083726030139645
stride1llm06cp3mrsp845g6kkwmuevdj5rsvapygh40g,2080000,2.08,1.0013864414817035
stride1lngx80r8tqspq4fem7ahzstdyrqke2fgzfhq2n,17260000,17.26,8.309581721141443
stride1lprtpwkfyp58vt069f9q42m7e0dfznetv0r6z8,9980000,9.98,4.804729175955481
stride1lq02xxe2rffx2lax5wpked3pl5vjxadqn5vs2l,1000000,1.0,0.4814357891738959
stride1lql8dml3wk8c6qznwethcj4z9w8858e5qkpwyq,2000000,2.0,0.9628715783477918
stride1lqxwzkacyjf7x5m9wn9z5kvtfmu7s83tfql0fk,150000000,150.0,72.21536837608437
stride1lspy7yu506jz2qa0npwuut22qayde49umkpr9e,500000,0.5,0.24071789458694795
stride1lswwxvgqaujgman2yeum4chl2whuw5xeznjegh,3016000,3.016,1.4520103401484699
stride1lt88ptt6fd5lfl7q0qrxgd9q08cqf2tw7l0jfq,4980000,4.98,2.397550230086001
stride1lv98xzag8342amhffrhp5nzegzyurxkclh5qrp,128871940,128.87194,62.04356413627096
stride1lvq0fkkzyn54xe47m0x4e6t4ujr0mpdvx0vgrz,19929610,19.92961,9.594827518277967
stride1lw7y4zkekqdswetus7qd4jfyppa23lfw6rme32,7100000,7.1,3.4181941031346605
stride1lwesnzfu88k25rdq74hszrlu2ccfxmahj7jtr8,2700000,2.7,1.2998766307695189
stride1lyhe9syygu6nwkf3jsg6vs4xneqektltzzelw2,1600000,1.6,0.7702972626782333
stride1lyn2h02n0e9hjyhm5x2r9rz6zygyweqejzuyrv,8980000,8.98,4.323293386781585
stride1m2a2l2zjas0kd3cfuq0cvhcy739wly7rl8jqlw,13280486,13.280486,6.393701258022875
stride1m2am7vwgtvmc3qafceu6uv52leedspv37pg0vc,6525220,6.52522,3.1414744402332886
stride1m3h3gtkhx8rt7hm4fh9430t083v2uxjjrkdq29,2080000,2.08,1.0013864414817035
stride1m3myrk7tvfg89af39ppdft3de2qek7c9vgypgy,771180,0.77118,0.371273651895125
stride1m3rppnp8ycrcwsvex3stsh2mg72s9xk4fg5hfh,2643670,2.64367,1.2727573527653535
stride1m454u7rduta4mhqjem9mjfj0klnrhc6kjveq2k,2080000,2.08,1.0013864414817035
stride1m4ujurqcq36c9prnksef9kc4rfrjfnjl2w60gn,5480000,5.48,2.6382681246729494
stride1m58hlx2juqrvhhu075szmd63zq2uls2q20jz8z,280000,0.28,0.13480202096869084
stride1m7j6emd254cyee3g0s8yhlhvrgj40syue9ckc3,1960000,1.96,0.9436141467808358
stride1m87cxqdn2sv5s3j45h0999dc2zp69l5mdnrejn,31180000,31.18,15.011167906442072
stride1m8laq6hgqfzfchyav7k2q8cmkktryve2dp3kd9,5980000,5.98,2.8789860192598975
stride1mcazr8y25z7gxycyl6ten6f0e498zaftj5qmfl,200000,0.2,0.09628715783477916
stride1mcn7ard4gz7y2hdcscqkpj7rt8k60g8spnyfgg,1533204400,1533.2044,738.1394702788895
stride1mcrnf2n2vmmut5j7upluehstxh4yenzt5k2mrw,220000,0.22,0.10591587361825709
stride1mdz8g7pgrqur9rzu8aj5lu0gfdyl2p99cp3ckr,250192730,250.19273,120.45173441312146
stride1mf2x37nuhsjdqwv79jk4m4q20qrphsthdfgnrh,1980000,1.98,0.9532428625643138
stride1mgw9v956pmnetnvfrwu4mshep72zzl5an5r623,14759290,14.75929,7.105650428796389
stride1mj4lszmrrrwtyu7gl9rmn3lltxernzqf6ggw3q,128572990,128.57299,61.899638907097426
stride1mk02pkyl73ap6d4tfkmydaeplh66kmee0udlej,118000000,118.0,56.80942312251971
stride1mlw5xcl5utswvq0jdsvyuq6c2aq9xjx86d407a,10080000,10.08,4.8528727548728705
stride1mmfl8uz5ff008rr7v76nts8wunsw0nu2s22y3w,1100000,1.1,0.5295793680912855
stride1mtpfcaa8jcezsnvmyysq426ed4jmc04ykxwn7g,27980000,27.98,13.470573381085607
stride1muepsp5jhgxznmzl9l0ry82jtxereua9pxf0h3,12093270,12.09327,5.822132986143
stride1mvp63mxctj4k533f50gmcknh6dtfjn83y9tjcj,31594900,31.5949,15.210915615370322
stride1mvw5pea3ew30tmmy3qu3mc8cjtx4p328fl6tsa,34980000,34.98,16.840623905302877
stride1mww026ds93lhn4skcn3dpz568xh5ag8rqmryah,1000000,1.0,0.4814357891738959
stride1mwyfttzgnh0v4wxytahvxku8pa8522jzl4tg4l,1500000,1.5,0.7221536837608438
stride1mx4zxmq9l3an7a2mgzs0cvcdernz633n93ngdr,15000000,15.0,7.221536837608438
stride1mxe4exa3qsch0wk7zh2sh4225jn9vkmgd2a5wv,12261920,12.26192,5.903327131987177
stride1mxjl2fcc3wczxqpmjuh74zpzcaxjdf3dfvnz8d,1980000,1.98,0.9532428625643138
stride1myq9msxztjtmdv2uwmhsx6ukenpr92q89dn7sr,15000000,15.0,7.221536837608438
stride1n2cldk23ff57mv8xj0k4s6ep2ejj62aqvhjh63,324680,0.32468,0.15631257202898052
stride1n308e3f3yu59txp4vpdxgvw0g769akcffskp7j,1556330,1.55633,0.7492729617650093
stride1n3y3j84es52sr6d6c5f92vnw6m2czh02lsxg0h,18480000,18.48,8.896933383933597
stride1n4xjvwkk9hvtkfn9kr84sqgpvf64rjpvcl9a5j,130000,0.13,0.06258665259260647
stride1n58lnh38kwnqner6rqyvw3hfl59q3g53cde3f2,37462440,37.46244,18.03575936577972
stride1n5ca5hg7h5mnvw604da9wa5jscptwm8vtfaa9d,150000,0.15,0.07221536837608437
stride1n5xlv44n250tljnle0fn68l5j7jc4m67we79vh,480000,0.48,0.23108917880347
stride1n7ffvu7tqrqnz526gdkzse5cfv5dar2uu3e4fe,5131900,5.1319,2.470680326461516
stride1n8c9n32vj630dzaexzmhekn50ddjjmj6v5v7at,1070480,1.07048,0.515367383594872
stride1n93esxf3her0vszqzyskq5lp763qhs3dx0c99k,10258000,10.258,4.938568325345823
stride1nck2d2hfqseyl4n68gyj6tcehq3tr4eqcjm6zu,1480000,1.48,0.7125249679773659
stride1nd0rqaxs6qwh860a6xm2e7v68jzgz39swd0m3a,21835681,21.835681,10.512478314384444
stride1ndd8sudd29u7xtfgzvk8uzrf2ttw8494kn8eyt,3000000,3.0,1.4443073675216875
stride1ndhtmrh3hl3tqf8353x3n3gsxgvtv4a7mw65pj,8980000,8.98,4.323293386781585
stride1ngexh8stfk7ng0ee3qhhyfeqq59k2n2ay9rtxy,24980000,24.98,12.02626601356392
stride1ngh3sa4jemvnewzx5u2yq2h6yyq35ggmd7p3j8,1045290,1.04529,0.5032400160655817
stride1ngm7wwfhk4z08wq70dut0hufqn7audjc5gnk42,29980000,29.98,14.433444959433398
stride1nhnetkvdhet2z9ahhwx02ctnn9rlf9063z6jw5,820000,0.82,0.3947773471225946
stride1nhufkzwyfftc082s86mvxufyscux8uy3c0nskq,29980000,29.98,14.433444959433398
stride1nhy7mktte25scvqw7s57yewnp89kph9fkgxgan,15000000,15.0,7.221536837608438
stride1njqv5ayhnlxasfzah2msfrn7cu0jdpzdh52rdf,1080000,1.08,0.5199506523078076
stride1nkeppe75ed453684uw9lyp202keev34gmj4aqj,12262471,12.262471,5.9035924031070115
stride1nkqj7l7yl2hpad74fzhu30w5ddzkdaeauxzq2x,3916504,3.916504,1.88554519404272
stride1nlz888rvfn58uahmks6cy4n8m0nswx7ay6z48e,24980000,24.98,12.02626601356392
stride1nm2s7g4p5wf0q9y5vvvhj2cfwedvqea3cqkmw5,971000000,971.0,467.4741512878529
stride1nmh039s4fnd29ahfhg077l52cmkw3mju55dvyh,1460000,1.46,0.702896252193888
stride1nmhjvw4zsn0a8xgzv62ta074w3mlwl0vj28d3l,284978742,284.978742,137.19896555255406
stride1nr65nrwa779lvqdxk7w8g0hhy77q28uxdlwufl,6980000,6.98,3.3604218084337933
stride1nre2kdpnxavz05wj93ljd0ehcz3kzgq6h5c6hn,12681890,12.68189,6.105515720366538
stride1nrqzudmw7s73ngm6f2qkwu5dj6yqyar3z2eu6t,99980000,99.98,48.13395020160611
stride1ns0yypnn2d8zryhkap0ak8w4yp9yyen3wq4wvs,9980000,9.98,4.804729175955481
stride1nt77cszywcxnu7kuxq3cf68fqnwdgyerlafzy7,13595070,13.59507,6.545153254324356
stride1nu4qd0pfr562ajmt6vxt0zn8rgwghh3nsthyv7,1049000,1.049,0.5050261428434167
stride1nv78gpdhl2azmlhhs84n7gkmg6dz4ztrn6909w,4000000,4.0,1.9257431566955836
stride1nvn4sfc3r2d69c7v0j9v7ak87xepz9q5wdfs23,48500000,48.5,23.349635774933947
stride1nwa822ylfcefxqmcelnygpz6f2eyqrcaxe0rv9,2211910,2.21191,1.064892636431632
stride1nweuta2sl6auptf6xwwphedlepe3qr869g8hx4,2800000000,2800.0,1348.0202096869084
stride1nxtgq852sg2z4dpdctnjzph549s7vj8pgugmpx,59000000,59.0,28.404711561259855
stride1nz0szznjs6xp6y96qprcye5me5u09qpc9rpmmv,3230000,3.23,1.5550375990316836
stride1p0kercl50w777prdvrevnwmvkcemg2qnq49dge,1480000,1.48,0.7125249679773659
stride1p0uesu8nf4fgh8xxmper5gqthd4wz6xta5mxhx,11000000,11.0,5.295793680912855
stride1p383tst9addrgmf320a6zckvsc3sfh5h3car0e,2000000,2.0,0.9628715783477918
stride1p3q7ytntn2dfcazmx37vah8xl9uz4chhug2r0u,1500000,1.5,0.7221536837608438
stride1p49m0addkldtkhprxswrlegnx3yhx0s0rectsw,218653510,218.65351,105.26762514249234
stride1p77sfv0aefkxst0uuc5vvavuvp08jw3geej2m6,15000000,15.0,7.221536837608438
stride1p8vjk9eqkcd456f6cu5f9y3922we4ks8khsq78,1805980000,1805.98,869.4634065322724
stride1p9gslne7tkq6s0c6uxcspsp9e6mdpamxhnchls,6380000,6.38,3.0715603349294556
stride1pd7a7svpnclqvhjptvm20akd5dkxfx558wg92p,10600000,10.6,5.103219365243296
stride1pfcldpdj62zdz3gs52rf2gfpclf9tuuu3lmhx3,2220000,2.22,1.068787451966049
stride1phw55ggjkpk9qf2ljx8kj8zd37ny0s9umvu0gc,130000,0.13,0.06258665259260647
stride1pj542zfqux96www8g0t9wnsa7j93m4w52ezqvm,451350,0.45135,0.21729604344363787
stride1pk502zmlu5jre3n7q769nfv79pky9862qh76up,34680000,34.68,16.69619316855071
stride1pk8rarmyzjxgywgqc663zjtm7rkpv0qqkr9rdg,3130000,3.13,1.506894020114294
stride1plefgp5k4k7lj7q05zdgmwrx27vf6g3d35ppwc,75815190,75.81519,36.500145829018855
stride1plvc5rje5ux0un6jze7zq3fx5n6430nwrzchsg,18780000,18.78,9.041364120685765
stride1plxg2kl7x4yth3yjmv99r3wpx9qqhmhtzqpk44,1325306,1.325306,0.6380497400068993
stride1pndf8qxa5te9al92t849qr20h5zqj0gjs54fxr,1595840,1.59584,0.7682944897952699
stride1ppm3cp6hfhwlea25ezclcju3w72pgwyz59u4e2,7800000,7.8,3.7551991555563875
stride1pq0p9mz0kkrmxdrkqdymlwpeefqdz3zskywey2,980000,0.98,0.4718070733904179
stride1pr3hpz86vp9tck5cuvwvhxcytcnehz2f9nparc,6500000,6.5,3.1293326296303228
stride1prcmpmwggaxt8v8csvcpz9vc6dnnrr5q5guawu,157050,0.15705,0.07560949068976035
stride1prhq72xcwrtvmvhru3a8cwdl6gzpd27y7s7gz8,105000000,105.0,50.55075786325906
stride1prj6hn6lme0dxefcletsms8ndrtqcgjk04hqgl,4100000,4.1,1.9738867356129728
stride1psut3wswfp0ft683g78u2ymea4w9kcnepzdlz0,739957440,739.95744,356.2419940814957
stride1pt5faxfnjy8fhldu0y3t6evl9ujdwg2r9x45a3,200000,0.2,0.09628715783477916
stride1ptad520kmv5f8huvp8942p26pr8qcuvw7wj4qy,10980000,10.98,5.286164965129377
stride1pwf797f3m6uzcc93jshj7zxks5uqt74rghjwx9,18587890,18.58789,8.948875491227568
stride1pwwjxznh2znm3jfqxvfgzy6jmpdax3av3zvzgr,1000000,1.0,0.4814357891738959
stride1px08f3m0fjqj3eay0nfvecfkz7asu2f7umu5em,142000,0.142,0.06836388206269321
stride1pxjhyng85eamrhyuuyttzy2e6ncudstw5szyq0,180000,0.18,0.08665844205130126
stride1pzf3gcr9zefqkgmg8v4k2jcklt436fpkv00rn9,230800000,230.8,111.11538014133517
stride1q2fgwe7d8zhtp6tt36kq693agau9m3jwt9rlg5,3642220,3.64222,1.753495060044947
stride1q4aw0vtcydtn7lqmkfprm4ncmr4jdj70a3mar3,100000000,100.0,48.14357891738959
stride1q65vnvj4cldkg603t8t55l0rslnmrtd7j8rvy0,8350000,8.35,4.01998883960203
stride1q6chmq4639zrv4uy5nxs6pzzp5kyf9gv07r2wn,980000,0.98,0.4718070733904179
stride1q6pul04yg9q3njna0xy7ujwnhkuc76n8725t9v,4980000,4.98,2.397550230086001
stride1q6qa068qy3r8tdhjxs83t8uqlzvm5vmh3ph2qa,9800000,9.8,4.718070733904179
stride1q7ywysu3ar47ps7pluy4nhtavkxuqrj7pwmef0,9980000,9.98,4.804729175955481
stride1q88ke63atg20agpqdk84u7ymjhggw02eef46ck,25000000,25.0,12.035894729347397
stride1q93xkwtfv7nut0eqjjws377wkjk972656d3ps0,1000000,1.0,0.4814357891738959
stride1q9x4e97v9qzqkw9q9hc7n9drzagrj9mq8tn8mp,600000,0.6,0.2888614735043375
stride1qaatly6re4hmu20cq3yty4q73s45faf9zafapn,1000000,1.0,0.4814357891738959
stride1qdandaxvk85j7379days3c8qpwy6ceweqs3vg3,14980000,14.98,7.211908121824961
stride1qe72r9a6zm8z2mr4a6pkv9sgvmjaetydgc864k,3000000,3.0,1.4443073675216875
stride1qf08dql0ufmq78rs9ecnk9cexm3asprek9wxv2,1500000,1.5,0.7221536837608438
stride1qfqznkzcmzupsnqrsmtu9x6xr2cn5rfp8vjhph,10000000,10.0,4.8143578917389585
stride1qgjfsgk7p5x4e6lr308hlmrujtw8dls0j5aut6,6000000,6.0,2.888614735043375
stride1qgkcxapy366yxwf2cg6pj56nedu7rcs868zseu,1000000,1.0,0.4814357891738959
stride1qj3hugefcs8l0hk9k2pqpgwyu6tq3xfn3yfy76,5980000,5.98,2.8789860192598975
stride1qkfmakm3h97uafajfwx24lecafl5e8s5kpxe86,56000000,56.0,26.960404193738167
stride1ql42ar9zughzk83u4cw73dne4l72mk7ne95397,2361840,2.36184,1.1370743043024742
stride1qlejq4jsqxc08h963guwy0qrhr930enwul7dyv,717150,0.71715,0.3452616762060594
stride1qlhg8dtgkwvzzmdztwy9mv4aegj97lu9dfmr9t,650630,0.65063,0.3132365675102119
stride1qmfssqxw00r7cuv3t6a7vu4jxt7mvf557q8fg9,15530000,15.53,7.476697805870603
stride1qmrazm0hgfk3u5x48achnjxq976y3my0t4pe43,1000000,1.0,0.4814357891738959
stride1qncmeheqhsj44r7jre5a3apc2e7s374ngyqv9g,108200000,108.2,52.091352388615526
stride1qqjve35yyueqft8dw00l0w9ugpwcs4pg7pcawz,1020000,1.02,0.4910645049573738
stride1qqmvvxrpvmntx2f9z6j7squhvs7qpxey9fvkv8,1010000,1.01,0.4862501470656348
stride1qt4lvwamt3sqg7yqwg89kf8n65smmmtnaeff8r,230000,0.23,0.11073023150999604
stride1qt8sf7kzyquhmn3plsex9z2j785y7fxhjcfkyc,60898580,60.89858,29.318755921869634
stride1qtctmk2ftelgsquffyv6sjgywszr309f40wj09,1480000,1.48,0.7125249679773659
stride1qty2vwpnz5g2p6qqls7se9fgtxptytzh7xzpv2,10000000,10.0,4.8143578917389585
stride1quygncgvputecyua87qw3sltl5gr0stfkmp798,1000000,1.0,0.4814357891738959
stride1qvcmp4dmcg74rpwqyut9rqzjkpqmshzks4vfxw,257880000,257.88,124.15266131216426
stride1qvrzkpljs06dy540ffze73pqcxpyhq89llnwfy,100087360,100.08736,48.18563714793182
stride1qw6sljy4jwhq2jgxacmzdpdhtx9zya7rl0jqgq,15000000,15.0,7.221536837608438
stride1qww3upvdlnn80fufjugrjne0a6fynrlfwwf2xy,1005000,1.005,0.4838429681197653
stride1qxd6ge0dxa8fe8qzc4punqramqcq390t30hs96,150000,0.15,0.07221536837608437
stride1qxkysemk47lwxeafgz6dadlrzg0wn2yzc8uuda,500000,0.5,0.24071789458694795
stride1qyujhl9dcuue7l4d7s3zkjrrce06pr3uutxh6y,11880000,11.88,5.719457175385883
stride1qz692pm557c9f464n4m73757zzvpplmlwwqe9y,1000000,1.0,0.4814357891738959
stride1qza62v5gq7tfdk2rc0xxenhmp0aksxe0dqht6f,1500000,1.5,0.7221536837608438
stride1r09mm4y9rk3f5a4hpmwdlv734v2405j8u8npjg,15064320,15.06432,7.252502787568103
stride1r0q9yr5aavnfcw73j6fg59extxvk2g9ehcvlny,7680000,7.68,3.69742686085552
stride1r4m9t8eej8dz2sjyfc8zeu5wvyulnycnhuecwh,1180000,1.18,0.5680942312251971
stride1r4pvf0vkgvac4gryv28fy2y0km7yfg94nexyvf,1300000,1.3,0.6258665259260646
stride1r5g2ngyjzq29xk3ccw230fh376v5l025tnq6m7,12250000,12.25,5.897588417380224
stride1r5trk7akrgukgcvvf852kwzgzydmla3rwjv7gn,150000,0.15,0.07221536837608437
stride1r7muq8lppnywyyf6nz65ks6agnvv7lkzsczfqh,51400000,51.4,24.74579956353825
stride1r8w063fy8hl94f6xcamwr2a4hxve2rrz6g29gv,10428440,10.42844,5.020624241252622
stride1r946afq2u8jsky5vstupyypf8z98sr0zzfrts4,1808870,1.80887,0.870854755962985
stride1r9ly5a9chf8ll5p2vezczlmq24vag82s5ent3n,622060,0.62206,0.2994819470135136
stride1ratatkhe6f9wxr7fasa6ayf0s2555qrlkuk4pp,480000,0.48,0.23108917880347
stride1raw9n5c04efk79sd7hxl2as56czt7ujra8gh2d,909260,0.90926,0.43775030566425654
stride1rayy94n96n86gtu7fq88walc2yuup3n2pnnunj,980000,0.98,0.4718070733904179
stride1rc9902ulvveamh5t8gq9yuym6q227qxz0mgyv5,334304620,334.30462,160.94620855417938
stride1rcxzja5r47w8z2t0crueqs2vpjltrmz4ymnvnk,1000000,1.0,0.4814357891738959
stride1rdcwqm4cnlry52xk4hpd47909lkm06vq8awtrm,656310,0.65631,0.31597112279271955
stride1re7mlwnk7f5p5lpz2a92qfh5detwv68j3dy0s0,30000000,30.0,14.443073675216876
stride1reqhvqh5m565fjuh83leykenpw7aqngtgnk3t4,200000000,200.0,96.28715783477918
stride1rfvvgzl6fwddu3gg8592ukwy46rs4zehvs5dmj,101000000,101.0,48.62501470656348
stride1rgwy9ap922f3fmn3h0zf90s3skd0jq9dj4egud,25500000,25.5,12.276612623934346
stride1rh96avd0smnv0ane56ne72c7jmjrvfdrg4mr2g,2480000,2.48,1.1939607571512618
stride1rhvkksn2kuxpu0mttxyjgjy2478uffst87pg3e,79980000,79.98,38.50523441812819
stride1rja7h56uzp8as9vgdz6s4spzzlgdq0nhcvcsvm,6080000,6.08,2.9271295981772867
stride1rjl2xnjqw98xwze89u95nvrnngxtd483kzkfhd,49077100,49.0771,23.627472368866204
stride1rjn7d5cxrey79xegcf3xztjukwsahpky9kgzay,5500000,5.5,2.6478968404564274
stride1rjr7e0422xgzazz47ecuxnxjd08q08rn6d9w9w,5160000,5.16,2.4842086721373025
stride1rk9vpxq2ux2u6u384veu7psxztslwhsczrcqse,5800000,5.8,2.792327577208596
stride1rntntrywkw3znk6p9k3u2pjxsmydmvsceqjh8w,1010000,1.01,0.4862501470656348
stride1rpc0vpe7y6wtvwluga2nhr600vp5h76pfvzzxf,22980000,22.98,11.063394435216127
stride1rsz009hwhcq35du5tes7qs2zklnmf2cm6lqtz5,6151040,6.15104,2.9613307966402003
stride1ru8nqcmqnrl4lf4v6f6mdv52z0uks7ldher3kt,7500000,7.5,3.610768418804219
stride1rvgm6lqle7fmvgg646pmmyzhfkvexu2ard7rd5,24980000,24.98,12.02626601356392
stride1rxdslevtdk4xgju50g4pa3ktf93x9gjvvpa9dz,67000000,67.0,32.25619787465102
stride1rxg5pcxhfenqmyme6ngvvwnkvplfvjpurlrt4v,92900000,92.9,44.72538481425493
stride1rxs7nfytgj9uft6xfalvha33mu5z9ft2zusm22,5000000,5.0,2.4071789458694792
stride1rxyt4gecfz0d9r768eeqx9fyd2hagkj4sp8ea6,4880000,4.88,2.349406651168612
stride1s0xn05r9dcsz6mu9mys8es4su0umvzd2vx7a30,7347230,7.34723,3.5372194732921227
stride1s33zct2zhhaf60x4a90cpe9yquw99jj0hqsqjm,44000000,44.0,21.18317472365142
stride1s3lxna6ryaue704u8nem2agjy4cfdf4r02netn,9980000,9.98,4.804729175955481
stride1s4lqx6yj58putrljxdccltu05kwl42c660wxsq,19700000,19.7,9.484285046725747
stride1s4qcy2xtq2eyvxdgjrnun6fmasyth2kgxa2mqs,13000000,13.0,6.2586652592606455
stride1s4w0xrhlyfz6lgg6qr8t0sp35d386056403neu,500000,0.5,0.24071789458694795
stride1s6dzzjv39k8a4jrwecrk4ezzpp3qp6h7tqut0c,350000,0.35,0.16850252621086353
stride1s6y05wzwyv7wv6qsmakpzyhttkx2un5ucwuy6h,63160000,63.16,30.40748444422326
stride1s6yxpjznn5mthjljutvukf0s267pggm06prvvy,2980000,2.98,1.4346786517382095
stride1s79z3d8c7n3kymnswf6vqv245lmxxetjs3qn42,62580000,62.58,30.128251686502402
stride1s84s8z9qd93uja646m3c8j53my8ykt3je73fln,9000000,9.0,4.332922102565063
stride1s87j3x75ytxdd2g6k7x2gfsqww9sy6dl55crnq,9780000,9.78,4.708442018120701
stride1s9hnn9p5ap80x9374mq38rxua7ruxqxt9qxu8p,7200000,7.2,3.46633768205205
stride1sd8pnh6yqel8jyzv6sudhkw3s7h40zm0c8axlr,2500000,2.5,1.2035894729347396
stride1sdmzcp6agvl9pkq86ywvkfvkc743elg0lkxt9g,131000,0.131,0.06306808838178037
stride1sfh2n2zp4hwea6lk93gdh2d2t05ydrj0e46r3x,518950,0.51895,0.24984110279179325
stride1sfrt9j0w7v6kjlqm432eh27zt2s4ssjd0fmlus,19980000,19.98,9.61908706769444
stride1sgqxlt276jsav8twwap0ls74plcaz3sdz47wyt,9000000,9.0,4.332922102565063
stride1sk6znt0hkdt8th08wn29vslkhzgw2gwc0wvw58,2980000,2.98,1.4346786517382095
stride1sm4453angenxva7f25f9facsph24fm0knet7ak,40997240,40.99724,19.73753859335161
stride1smqr5tp684g07aekcn0w852wqlme5mn6dryuw6,12000000,12.0,5.77722947008675
stride1spkrqpyrxfggjdcs6aa9m732gtfgfqlyulvxl7,14573970,14.57397,7.016430748346683
stride1sq4aa7n6hkw5q0nwczwlrzuw8qgtrrqeqkczwh,3273670,3.27367,1.5760618999449079
stride1sqzdgjhl0vzk7sqxm2gnf4mclpk5p8e42v07rm,986770,0.98677,0.47506639368312525
stride1srat6yfktj8qu30dahzg800pnhevuxdytcya73,2000000,2.0,0.9628715783477918
stride1srddyxjlrcptylkcfefv774jhhafsvu4h0q0y3,505780,0.50578,0.24350059344837305
stride1srjc2737puyzlf9tfqqwmgh8k95z7k4l5hulcw,15000000,15.0,7.221536837608438
stride1ssjyz6mhmk9wj204zvxrm76j8ncen2kz852a42,28980000,28.98,13.952009170259503
stride1st0jrcm9zl7qww4uyjtyhn4trddcafqrzjzvut,1980000,1.98,0.9532428625643138
stride1sudyzsr99xywmf3lyg2aqdevmh5yvl6kkfz84x,10633290,10.63329,5.119246362664896
stride1svema9q3lmrcg0mnrmp8n7mzt476a0c93lg0ts,500000,0.5,0.24071789458694795
stride1svgrg5gztq5a5643vr4wuy0q22gugeqngf2kyp,150000,0.15,0.07221536837608437
stride1svkqmzsjp0dp2avu0hxc28tanv20ffs8nq7dlk,4980000,4.98,2.397550230086001
stride1swdwesjx9gpkedpqfr0x9szlqu7v0v9jgqhyvd,12828410,12.82841,6.1760556921962975
stride1sx6v0nrycx5qwr74wq9vr9pd7vyzgfwfgdshzj,7000000,7.0,3.370050524217271
stride1sxwrweql3wggzj4ynfd772s9m4tahxfz2473wp,13366800,13.3668,6.435255906729631
stride1sz28qcqhqvxya884gr3leyufxzq4vtkhj07dha,150000,0.15,0.07221536837608437
stride1t3m8j8tm8qzpfcrjgez7fm424tmhpyry6shyzx,180000,0.18,0.08665844205130126
stride1t3qp52hf5p4julm52ftssqxdhpvyh9c03g3um2,1600000,1.6,0.7702972626782333
stride1t3r07cp8yqrj69ddcxz0rct94kq56nz9yynkxa,150000,0.15,0.07221536837608437
stride1t3y8c5ahang4vhqhrfffm7s0ftqdjg7haqs2sq,10080000,10.08,4.8528727548728705
stride1t47u9rppluxkvmt8dfpqdahp70gsh4gqfgn26m,5000980000,5000.98,2407.6507529428695
stride1t7390mr7jhj3w0ss3lhvy9rg2l50q0tq0nvxmj,44180000,44.18,21.269833165702718
stride1t824stf0rwudys98afgdjykmucfkzdalpudk95,31135000,31.135,14.989503295929248
stride1t89st7fg83v7wh3cjv4xwsrzs2dtyqrkryv9xr,21960000,21.96,10.572329930258753
stride1taaz8z3dxrzul2xmxmuv8rhpjfpasv570a5nku,49250220,49.25022,23.710818532687988
stride1tat3vwnlr7sp63f4n0d9g8sf69gpkuy0psyc4h,4000000,4.0,1.9257431566955836
stride1tazanrm5wsum3z6lk24a2lpqaqtsvtz4hvhjap,780000,0.78,0.37551991555563874
stride1tch5ma3a8j80nm553zdj2weagd490mke83gqjg,11560000,11.56,5.5653977228502365
stride1tcnxde9nkdythqnqsgmxpg488gqqxfjhd29da5,280000,0.28,0.13480202096869084
stride1tcu3cf77jfaknwdh2zvc2pt5uzgy8qacz5n9sd,1818980000,1818.98,875.722071791533
stride1tcurqpjctrjjf7rnu3lk4de90nalt0wl76xzaf,34980000,34.98,16.840623905302877
stride1td2enss87607z7xxaq6ctxj63xz52245ffvh0c,6584170,6.58417,3.16985508000509
stride1td3xgjta2n95nk8hsmsqkrwfrn7q92anqgc9qq,15270000,15.27,7.3515245006853895
stride1tdz6vcrnu5akpx66kwmj2c34yst3kvhuc2v459,2500000,2.5,1.2035894729347396
stride1tff5390erd5rcvxexnuph499x87sv8nxy7vk72,5740421810,5740.42181,2763.6445042883934
stride1tgje6kmcyfxzc08qzvfpd0404npp963h03gyyl,149500000,149.5,71.97465048149743
stride1thfntksw0d35n2tkr0k8v54fr8wxtxwx2nmnff,16850000,16.85,8.112193047580146
stride1tl3kkma8pyjf9lqrkfuytv2rz6l6xaus5mzsax,3980000,3.98,1.9161144409121056
stride1tn9wkfn2qg5kerems5m474zeme77xeufu8l05e,1100000,1.1,0.5295793680912855
stride1tpjq5kx8zymekmqtsrsthmswwg3hmc7zq0hgrx,980000,0.98,0.4718070733904179
stride1tqajwhew3f2p3t9rffxvk9eelh283ynnf2037m,34640020,34.64002,16.676945365699538
stride1tqvrup5ynpd2629t3tnred5m9rcjlun5nxlegf,980000,0.98,0.4718070733904179
stride1tr55zghf7d6rh3l4qfjhs4p4la2pz79zyxfnq3,13500000,13.5,6.499383153847594
stride1treczrfhsjdvlfvcgldt7d94wj4vhk3rp659gj,159000000,159.0,76.54829047864943
stride1trf94l94etw2svdxcj5xv3c3ema0ujfellxaj2,554980000,554.98,267.18723427572877
stride1ts5vlkr0w03gqs5hz8xyswjyuzuasdsc42rskz,2180000,2.18,1.049530020399093
stride1tsd0g96zk6h0ftlr3e84vhzlws74d5tg4h8klk,28851000,28.851,13.889903953456068
stride1tt6h0ln2smdercnljdlly5dusujwt87f2rpar9,1223280,1.22328,0.5889307721806433
stride1ttm72whxv5jgur8ey7jtfuy8ckpnptny27kycp,1000000,1.0,0.4814357891738959
stride1twsp4qtg29hke50c44r8xdpkfqnazke3k0ec8n,900000,0.9,0.43329221025650627
stride1tx5fu2d7vdyjn9jt7ppm9447n5xzj7m04t62j3,2500000,2.5,1.2035894729347396
stride1tx9m9zkal98plw505enqldzrq2eym2vk6370nl,250000,0.25,0.12035894729347398
stride1txtc3k9zxdh47g6xhgzxk8uartx2yv56advu9q,18980000,18.98,9.137651278520543
stride1tzhgj8qc96hvnjkgpz00ju9p07la6k085w384g,7130970,7.13097,3.4331041695253757
stride1u0e39w8ec6mw8q0rn6s35nv3zfdehyd4ghjfmf,1428220,1.42822,0.6875962228139415
stride1u0kqjcxs37gcddwud6adh8gz8wps9yw6ts7v9h,29980000,29.98,14.433444959433398
stride1u2k9c9ej5nt8aav6en36dwf792nph69vrzjvsc,16000000,16.0,7.702972626782334
stride1u3979l46uqes7alnwhstmrhl8v20jglhehfkhp,13347520,13.34752,6.425973824714357
stride1u3ns7647tt0enktxxxl6hkx30ja4803llu5p2x,2980000,2.98,1.4346786517382095
stride1u3pk20ctn9jgm3wm8w4wdqyq3katf4las7nj7p,99980000,99.98,48.13395020160611
stride1u4jaexg7940ux5df24f0f7zjzerry55ldf0xx9,1356719950,1356.71995,653.1735398162185
stride1u6qq3ge8vfplqnvtfhqggzpaft4m9rw44zfkc6,1650580,1.65058,0.794648284894649
stride1u7d5t4w9gam5ux3pnc7g3vamj23zk9jwk2snq5,10193480,10.19348,4.907506088228324
stride1u8p5gz4cht0n889ecazyg5u776pe73fn4vpr2l,150000000,150.0,72.21536837608437
stride1uarl0yw7jfd9pdwyn94u4w2kqvtxg6ctzawzd2,43900000,43.9,21.135031144734025
stride1uc2vjzyu84hrn2ppasjr9a6x8d39gg54njtwhd,40700000,40.7,19.594436619377564
stride1ucpqvd4mgmccjrdnch4738hlkac53yluqn8e25,6997820,6.99782,3.369000994196872
stride1udeng9wzzlzkp73tz28ejxlelcnta7hrycfx7j,1980000,1.98,0.9532428625643138
stride1uggj0h68ed5xy8scaq2vp5vwm4lucguehgjudv,23445690,23.44569,11.287594267876518
stride1uguwerqj6d8r0njg9pmu29q8rvpceck3jz7hsc,150000,0.15,0.07221536837608437
stride1uhlzks2ycn2e435fg6qvg4kqtukfxkm93wfxn3,8980000,8.98,4.323293386781585
stride1uhsxj8c7zzdgjyefrdjevz6evd8ywpug55cq75,11570370,11.57037,5.57039021198397
stride1uhuhq4my9vcre4yznhm8vmfrvxkwvu9uuhtnf7,1110000,1.11,0.5343937259830245
stride1uhxm539l8zhnr5f4wft753umtc0rx538gm8x77,10000000,10.0,4.8143578917389585
stride1ujzes3xpy0k9ua6jyz5zgk206zsmgfj49l8e3d,14480000,14.48,6.971190227238012
stride1ukshaxrknawjjtaa5j45je2nulmypht9gpr9f0,660000,0.66,0.31774762085477126
stride1un48r2yw7xtpfmpzcdu649kzqkwqj8vu82np9g,585000,0.585,0.2816399366667291
stride1unwph3qewlkxqh02qte7j6e6cz9mpfdfmc7l2f,5700000,5.7,2.744183998291206
stride1upjh84nm03gp7kjgu24sy6qp6569vyqmweqcnr,1498910,1.49891,0.7216289187506443
stride1uta2mx7jdxc0tydznryd8a8we6p3xntsvam0l5,1500000,1.5,0.7221536837608438
stride1uu7sv5kw9jx970jqyrh2rfsg7wr7kxzpwufgqv,16600000,16.6,7.991834100286672
stride1uuvvh83hpd3jndpt9l8tw63r7k63z9ask2h0rc,5386490,5.38649,2.5932490640272983
stride1uvuclgf84a0z7njwldea4pmzggth7fmgqqk4q7,160000,0.16,0.07702972626782334
stride1uvv6v6g0x7875zm94j24tn4wsshzjt2psfgndh,280000,0.28,0.13480202096869084
stride1uwllsasq3utl9q42vwdyxnvwqew50wwucvxe52,744120,0.74412,0.3582459994400794
stride1uwuvns3ndmr9x5624d6skvy953n7zvfd2jp5w7,10980000,10.98,5.286164965129377
stride1ux2ud4fdvva6fjqm2y8ru4pgax8pp2wuztk2v5,17897500,17.8975,8.616497036739801
stride1uyj7ql0e84zah6g675zmmpcg4pxjmhwypx5tgq,41980000,41.98,20.210674429520147
stride1v0795jnqm7zdlp4zrsemsa5vcg0thttnl2uuk5,990000,0.99,0.4766214312821569
stride1v25luxq4tgevtcutynwww5m3rnjws6gmqlact9,50980000,50.98,24.543596532085207
stride1v4lcx5zrp03p29fltsd9cq8vxmztmpcahuf6jg,9980000,9.98,4.804729175955481
stride1v578qdl0cs9a8p3fwyus8qnfhrfan3hz5heeyr,25000000,25.0,12.035894729347397
stride1v6g26l88kzlkkwaj6kjkjze055axexffyshfk6,1160000,1.16,0.5584655154417192
stride1v6umul8nun2xaml2y24zrhwc3gx2lv38243hhe,100000000,100.0,48.14357891738959
stride1v6wny7xc752zgktglhrd2mvqkaxqa28gvgwrjv,3000000,3.0,1.4443073675216875
stride1v8u3guzvtp5zfcv00gusr0mtqc3q5p78jdjg0n,1880000,1.88,0.9050992836469242
stride1v8wlxxshmczu3ckcum3v4ltqksgh2nxg9a3uc4,34500000,34.5,16.609534726499408
stride1v9h8h47dacss2nxk37hlq3klalpv9u7xr5pjzk,4780000,4.78,2.3012630722512224
stride1v9h9me5u8gtm90t3vpwzf6w6pau5qpgxprdf6w,1049960,1.04996,0.5054883212010236
stride1vcsh4qcp2w23zsenca354g58e66k8asfh9vum9,34980000,34.98,16.840623905302877
stride1vd4wekuyuc9rkzxkxqmn6u9l9nys3d2rte5tqs,5170920,5.17092,2.4894659509550814
stride1ved5y6tc7dq2y09vnlvl3ey06zvz00vftr9gnu,980000,0.98,0.4718070733904179
stride1vghc0rcgh85fhftyh3vtqfz26ukjvk40rhum8d,1000000,1.0,0.4814357891738959
stride1vhvn7zkv592jjlnhjk28crgdsal25wnqzl6na3,500000,0.5,0.24071789458694795
stride1vjrx0lks65yefnsz4xk92vugda2z25es8s5c4d,2210820,2.21082,1.0643678714214324
stride1vmkyv60rztxhyahrw234l6juty72th8sfu9vk2,231918520,231.91852,111.65387570024195
stride1vmx0cs82npfy4s7af7edur550d4t4drk3q3y2a,150000,0.15,0.07221536837608437
stride1vnygknyenrthxseqp3n4qjznwp4gv5smeakhnf,15836280,15.83628,7.624151959378784
stride1vr9x3r8wflua6lmzspdep973lugnu9ft6pmjvk,239585090,239.58509,115.34483687844887
stride1vsd27ctsevms6j6rrvzsa2ltzg63jv0rnqk2r9,3900000,3.9,1.8775995777781938
stride1vsedfq70mjzqmvy27q29ek8ycc5jtulr2qvhea,3730000,3.73,1.7957554936186315
stride1vsgse6335r9dae85nlh2ps0hu84hlremhdfgw6,150000,0.15,0.07221536837608437
stride1vslwtgsnekvlefgtzg5h2g4d8367zd8d548lqg,5616600,5.6166,2.7040322534741033
stride1vvph0g70xlseweug0pauuwa99x5fat2ung9kwf,280000,0.28,0.13480202096869084
stride1vw7kmk6z4vselvg4mrg7f62chl2pd006e30nht,100000000,100.0,48.14357891738959
stride1vwruu9fwe2g7lphyp243cn2wug6xk5lqshkdzj,1480000,1.48,0.7125249679773659
stride1vyhq8nf5q072eg3hf5fupegnx0enus775uptpg,4700000,4.7,2.262748209117311
stride1vz8h0w0vdx6drzk3v9pkw06fycq4w7u7sep33q,2200000,2.2,1.059158736182571
stride1vze0vdgt020545den7sugecr0y2wtyxfx90ujg,23600000,23.6,11.361884624503942
stride1vzp0vctva79nfa6ayd775eey5ecffgretjfcnz,156989000,156.989,75.58012310662073
stride1vzqc2jhewd4h5wt7xs3d50fsxjw8z4p9j87hp3,967750,0.96775,0.46590948497303775
stride1w0mywwlhl6k8e4fngrv3nxvhc920tvhvyn902z,2960000,2.96,1.4250499359547317
stride1w0qnyd4jef6tlcj7nusd8py2es5vk6k8zy5r3w,3502480,3.50248,1.6862192228657866
stride1w53pwenq62wu63p3cpl2jxaa7txs20y7asxg4h,109000000,109.0,52.47650101995465
stride1w6w3nzsduptqarfdx6cfhrss3udew0jynmgxs9,9980000,9.98,4.804729175955481
stride1w72jgsk2s90hnyhwus64cjmqz3rdspq3v4mayw,2490000,2.49,1.1987751150430006
stride1w73dczlfzj6jl24erym33fh4vevr2vmfq7fvl5,399000000,399.0,192.09287988038443
stride1w7hnh43l2d3c9zafr9tg057vzsfkragr8d6vaa,1010000,1.01,0.4862501470656348
stride1wad5l002k8wsdwtc6jzvd3q0xf3y6vskmqeme0,150000,0.15,0.07221536837608437
stride1wc2sa9utqaec50sezfz4njdwuw98de6x66khny,9980000,9.98,4.804729175955481
stride1wc6cvtpnftwflq4ucjznlsc5tdqq79se2adn5r,5000000,5.0,2.4071789458694792
stride1wchzw68yjf855gvxcqwhkdn3f8dtrk0vkr2td5,4000000,4.0,1.9257431566955836
stride1wckcnvzdk8gf2ku4w3g8rflyrkvvn7trl43zcy,5980000,5.98,2.8789860192598975
stride1wdf29fcmkjf2nvw5t68q7a6cgdsymn3rhlahf9,20195300,20.1953,9.72274019310358
stride1wdlm2elgat9jxvj8ef85jfyjc7c5k53t2zl40f,1279440,1.27944,0.6159682061006493
stride1wee624lpnwccdppyt2kdfys6rvr9xyvu4g24nc,5780120,5.78012,2.782756633719819
stride1wffszaj6nu3pq9lhmrt0pdd06ef6qm3zqfvdua,10000000,10.0,4.8143578917389585
stride1wgahmf863takdln7z7shfsw4xwn8tkp0346zh3,4300000,4.3,2.0701738934477523
stride1wgwseh5840k0v6pu8s9nj53u0uvqz2dzxnm4lk,2000000,2.0,0.9628715783477918
stride1wh3nwe6gcgf3vld5vlfthjqk40wxkh002uc86g,23000000,23.0,11.073023150999605
stride1whgyh7kjfxsr5mdntsjs9let2hvcqfdpfecet7,1480000,1.48,0.7125249679773659
stride1wjg534qqq0vqlffze40c944upqpwxn5mwgx4ty,6980000,6.98,3.3604218084337933
stride1wjjg0mvsfgnskjj7qq28uaxqwq5h38q6vfqu4v,5638247920,5638.24792,2714.4543369232765
stride1wksp80683jeqas45z2kn58daax6kg97rc7keuf,1000000,1.0,0.4814357891738959
stride1wkvmdvx42f3zy92gaxldly3z96csenxuv208se,70000000,70.0,33.70050524217271
stride1wn08es4cahsha9lj5kml0kkf632nlh9dvd0c2n,156319250,156.31925,75.25768148682153
stride1wn9x2v3qw72ulmf38tt05s076jv28hl5taql2q,49980000,49.98,24.062160742911313
stride1wnnq8zw5s4elhnl6znyza82q73x7w8g3y0kq2h,6428150,6.42815,3.0947414681781784
stride1wpfx6jes7kwxngn86p57usyljccn9n8pvx2fzq,1580000,1.58,0.7606685468947555
stride1wq7pfzye6rvyl8h5wg7qalazg8adhkeq2pkpcl,20000000,20.0,9.628715783477917
stride1wt2zgukd0xc35l4yuku32j70l9rqqcpyldqjrj,32111700,32.1117,15.459721631215393
stride1wuw7dl2nxres8q8cythxg5n9hn0g5nxxt9ncgt,10000000,10.0,4.8143578917389585
stride1wv73f6679ds6pnqxur7asgr4dnse294ggf36gk,12928430,12.92843,6.2242088998294705
stride1wx9h8faquqn2qzjpv3m3tjx6yuf26054vlgjsd,19750000,19.75,9.508356836184443
stride1wxftsh6af8hs97ep6wmm8cvfvk2hvwhm4n9y4l,266000002,266.000002,128.06192088312787
stride1wy29rjfmal6z34h05c680x87j759syq3q3a53t,7700000,7.7,3.7070555766389983
stride1wyp9thwmuwq4f22q6wqfsj26kd5xtxnnz3ryk6,150000,0.15,0.07221536837608437
stride1wyqlzw4jsf9twwux5mautx8l7kxr8nxwhdq937,1266771,1.266771,0.6098688960876053
stride1wzele4enmzppy8pd6rxltsp7c0pjftqnasxpy9,13000000,13.0,6.2586652592606455
stride1wzp52kqvwz4ztsg5dyd50phwumuh22c79cs8zg,1080000,1.08,0.5199506523078076
stride1x0tuap8wxe403x8e869nwr2kl534afh0usjka0,800000,0.8,0.38514863133911664
stride1x27fddqupsw4r8flt2mm57lxs2j4ah4tdhjk4f,130000,0.13,0.06258665259260647
stride1x2qt6cva67m4f73wwtgvx78xygaphlnwrxcnu4,10120000,10.12,4.872130186439826
stride1x3u30a79seetx7jkq9l76kkqmfk8dtecchxfyq,480000,0.48,0.23108917880347
stride1x6r50pn99uq0rzjl4q42qn6vypcqaeenjcrnhw,15000000,15.0,7.221536837608438
stride1x6vlhg9krd25tdfe2kr79ku6rkzrlw5skg2n0x,9540000,9.54,4.592897428718966
stride1xa0m3zzvtvfjyc2we8q2fjyl4rmssc44z2pstg,150000,0.15,0.07221536837608437
stride1xagk4mwkqvgy9thezx6d7jhv8kgw7zf805f63e,22400000,22.4,10.784161677495266
stride1xaq2wdclvk0ahsehsysd7ekcksrzqtm6yxk2mq,6980000,6.98,3.3604218084337933
stride1xdu8wqnsv458vr8z77g99rv46djdn9aduemnp5,6142290,6.14229,2.9571182334849286
stride1xemmugnj6rq3kc3le4rnthuvms3ra9at8qqehs,1980000,1.98,0.9532428625643138
stride1xg5ftn4jzega3m87cu9e22ewzucddwx9u4lle2,5000000,5.0,2.4071789458694792
stride1xguy6dv79gfsd98a5x75djy0z4us5dhhm55lxc,1200000,1.2,0.577722947008675
stride1xj050ejzs04q770s23f5qftfs2wn2upjj5q4x7,2000000,2.0,0.9628715783477918
stride1xjkg8rl9l3wlz8gh4e83qfzpp28e339qufwuka,5235890,5.23589,2.5207448341777097
stride1xjthdwn80r8wl8m5kqr44hqx0lffp0h0jpz2ks,490000,0.49,0.23590353669520894
stride1xlhwnlduvcxrt3x577xua2s57g4wjlu44qwkns,740000,0.74,0.35626248398868293
stride1xlyxhmc6r8gzwp0j2qgrym3pfmhhnzhahqahaf,5900000,5.9,2.8404711561259854
stride1xmgz95emkv6l7jhuu83udmy2fk89c2sa6mk3w8,3190000,3.19,1.5357801674647278
stride1xnmp7vhwnt7mrlde622wu4z63hawahjsgpz2ac,200000,0.2,0.09628715783477916
stride1xp4gdw38a3hanhnprwyytzc3y92qhmkqgtz0ge,20180000,20.18,9.715374225529217
stride1xp77nj87d9j0eav490687p8mqjp9205ajpclmt,480000,0.48,0.23108917880347
stride1xq357xuzgf6m8pfvghkxeuzfhq7ujkd3nl8rxw,167630,0.16763,0.08070308133922016
stride1xr5wrqzvx77wcxh94rd92jr53jghq9xcfpr67j,19980000,19.98,9.61908706769444
stride1xt8yng6mke3l8880m85awf66dquzx25tf74nht,3001000,3.001,1.4447888033108613
stride1xtgpxvwy4hg8u0ff50xq6plwpc2kcg6gf6h5r7,9980000,9.98,4.804729175955481
stride1xu5sm7jv47v4rhcs7dnemsvhtcswj5gp2d2h65,45628290,45.62829,21.96709180480538
stride1xuf0rtcducq6hnpay5w8dtcfgqg83ga2zskc7t,357070,0.35707,0.17190627724032298
stride1xvdydlmunpmpue5d6jnp697mlgj57jr07um8v8,131197180,131.19718,63.163017890689666
stride1xwm26sgjh66hjsq8c9py6wucl5re6mdzcthspp,1250000,1.25,0.6017947364673698
stride1xwseskrmnxrvesmad0xtyfvl3lx7xzkkg2nazv,4598960,4.59896,2.21410393697918
stride1xxnalkj2e42wj2qfw86ytd0kwu52vwhwaw6lcz,2536360,2.53636,1.2210944782291027
stride1xxv9ksfyy3hnep6pltaxjrgluexaax0y004tqt,7250000,7.25,3.490409471510745
stride1xy4jrqec8n3ept8hnqdmkenh7n3295a8ye38q2,104980000,104.98,50.54112914747559
stride1xye5a9th3u0d5drfdpw8utxgqzrt8cmf0nnld8,4280000,4.28,2.0605451776642743
stride1xzp9ud733aychye4lue86rd5slff47fa99fes8,33000000,33.0,15.887381042738562
stride1y0mh3cfnsl5kmhcaaxwt4t66mvwczszwrgplmd,905160,0.90516,0.43577641892864355
stride1y0nl3d4rup2gpnv3a42g5fc3x7e82xj5zuajap,10119880,10.11988,4.8720724141451255
stride1y2knaz4gga4rrce38w5evnztsueq937pugtmqk,342750000,342.75,165.01211673935282
stride1y2zjrwz00502y8u4plarcvkg5xqrqpsl246zt4,580000,0.58,0.2792327577208596
stride1y43x2pdgj69vff52cagz7mcz092azxjgjtucgc,5000000,5.0,2.4071789458694792
stride1y5czxmwrpln82wugcwymq64kwcttj3yyad9h60,27647960,27.64796,13.310717441648306
stride1y5qy0wr4vd6gtuwy3cafl5v6c8ff6y2rc5j9vw,50000000,50.0,24.071789458694795
stride1y5slpjr57p8va0xmztmqs409pzx4545wh52jqw,980000,0.98,0.4718070733904179
stride1y6scqfx87rcuway4hglnm4umpn664jc7egpee9,130000,0.13,0.06258665259260647
stride1y7tdejjz7jf2yd6jdgueaeh7vc4g36pjmsncx2,150000,0.15,0.07221536837608437
stride1y7wyd0yx789gzzm6pjy9dvcvzy7lku9chc8l8r,7573760,7.57376,3.6462791226136853
stride1y89pq2k7dkmft3vpmp0cz5d5xe7f3gkgnzkjsx,10030000,10.03,4.8288009654141755
stride1y8jfef8clj5k5xg7e9tkke08zv9lljlv35um92,2500000,2.5,1.2035894729347396
stride1y922l7qxtpdj576c9kfzmrmxwy8ckhn366gfdk,31000000,31.0,14.924509464390773
stride1y979ssvnptkf8ytr0ct35xa9szn7tn9e3exwcy,29212340,29.21234,14.063865961516164
stride1yc80f9fv44n2pkslcstc4dzegdq45rh04e8zxd,2565470,2.56547,1.2351090740519546
stride1ycnfcqpmugtn7cw700ezsy09wzk0hvvgu8ltgh,5980000,5.98,2.8789860192598975
stride1yd5z0tt2ynsgklm3rruptgu8nj8qdwuu95dank,1649080,1.64908,0.7939261312108882
stride1ydu2zhm7pszwfms0epwtlg7fr5d5dpdtkszxyq,6412640,6.41264,3.0872743990880913
stride1yekrmlpjk4lvcrx8mm7xhydwnd7vz3m0dh3tl9,27980000,27.98,13.470573381085607
stride1yg0fa6aa8npeyweedzct2z0qsj0q7xypxjzs76,500000,0.5,0.24071789458694795
stride1yg52euph8p9xxqj648knh0rkndc24jenrc2el6,40131400,40.1314,19.320692229653282
stride1yggsjrj8nvspwhh5zzfq38vxgnsussm26c4xkj,2500000,2.5,1.2035894729347396
stride1ygxvs6jtj5922xr6ggnw67qam0z660hraejgzd,1030000,1.03,0.4958788628491127
stride1yhj0g0usgm7agmcgtvcqlguwxj2ku72xyyxz5q,7900000,7.9,3.8033427344737776
stride1yjw4pgtujuat4wnzw46j2m3e7cylsqa4skmw7f,6070000,6.07,2.922315240285548
stride1yk877d8cglr4c3rywg7ys7qcp4u48kwdpr0wqk,3000000,3.0,1.4443073675216875
stride1ymepwnyrl9yjsy4fgwj59xdnh2gutn0nj3eh5s,7200000,7.2,3.46633768205205
stride1ypgyw35e6fyvsm0r0r3h8g570g304x46vu4ccu,3380000,3.38,1.6272529674077678
stride1ypmc9nv70guhupvhgr0k75ws3g3xe2mra2d594,7250000,7.25,3.490409471510745
stride1yqx7eqt4hyayd9pp5rpju6uzlv2xwqade6ywua,3300000,3.3,1.5887381042738562
stride1yr5nl4pw4p3w23nuc5n3jqyzcx9r8hcj82mmlt,20000000,20.0,9.628715783477917
stride1yrnceu27eets476kewejy5jr0ugk5lrc2ukzhh,135480000,135.48,65.2249207172794
stride1ysv30ul5a2fm5ssfx8hlsn0nrqdvw2mvx7605c,250000,0.25,0.12035894729347398
stride1yu3u7xguyn79xp4h08wc9za6k5zes3dzmtv4cq,10000000,10.0,4.8143578917389585
stride1yuycef80txefx4fu4gc7kwzvql0ckuyh0630t0,1050170,1.05017,0.5055894227167502
stride1yvmkxpts6rl9eaptpy2c0lxrmm8wxxn4zdjgqv,25000000,25.0,12.035894729347397
stride1yvwjyl887wu9k34ggk6tjmw7sv42sx2zewvm8s,6000000,6.0,2.888614735043375
stride1yxt425jn7rxgzagxlhv9l2yajkv6n5htmp9l0n,3400000,3.4,1.6368816831912458
stride1yy0r7kaqlpkarjmtw26qau4w3lthk80s3nlt59,1050000,1.05,0.5055075786325907
stride1yy9vw8pskk6586y57tanfpjmx546ea40hxwyhp,10211940,10.21194,4.916393392896474
stride1yyqupa3zf4cehydh597cwj6v7a9rm50hjzps0v,27480000,27.48,13.229855486498657
stride1yzpqanfxz8pjjfa0qll7f4udhhhjlwmc03mlhe,29980000,29.98,14.433444959433398
stride1z02funp2ydvfmzenxgkgauz6w5dlr9zw34t3hr,2000000,2.0,0.9628715783477918
stride1z0hl0krng3tuwufnqgjuyqn8pgpu84rg0tujxv,4780000,4.78,2.3012630722512224
stride1z2aq3dl77cuk7h6v0d3860nfs3xsrf9jwkkkcl,101000000,101.0,48.62501470656348
stride1z2tagy5qzxt7q7duh5f00m4d44lurp4r2vd3xe,2130000,2.13,1.0254582309403981
stride1z3z365lydry32xghj9m8gt62mvddl55ghkdgrx,5526380,5.52638,2.6605971165748343
stride1z4pak2ssenus02rjz2xthpcrr8qpzkhns8q0zj,7500000,7.5,3.610768418804219
stride1z57hzn2c534v2d346avppr4h0a3rd0rjef6jqy,5000000,5.0,2.4071789458694792
stride1z5gugzl8fe6dtyt9mx3jhhwvxrka9zx6g8eqr8,130000000,130.0,62.58665259260646
stride1z74wddyc74uhps6qjfpu350n3plpljjk2wsjcg,7980000,7.98,3.8418575976076887
stride1z7lcya07ff7aegpfrwxc0nnl5gezk7wj9ycmfe,5980000,5.98,2.8789860192598975
stride1z84shuuq0pu3lx8qsqxee53vthhr7fcz9m763q,336952,0.336952,0.16222075203372255
stride1z97flahwn5esmu036kj3dv4wusn6r2fsws4cy4,64100000,64.1,30.86003408604672
stride1z9h47nxe929jvld2xqvy9zapw034a9qcs93tpg,10120000,10.12,4.872130186439826
stride1z9kag608fvnydcaxtt3spn6670thjj3hshwx0x,99380000,99.38,47.84508872810177
stride1z9wyxhzsth0qg587vcf3hgcuh495g3s40wajgv,5980000,5.98,2.8789860192598975
stride1zazwwge6hkp5qzf2gtjyux8gzkqe705pfsjv5y,11010000,11.01,5.300608038804593
stride1zd7zdtnhefkyc8pp9t4ekmene6rpgjkpuhkgvk,1000000,1.0,0.4814357891738959
stride1zdpflf8yketgr6jfzwpx0gufymy7763lmgxya5,434827570,434.82757,209.34155431751745
stride1ze2ye5u5k3qdlexvt2e0nn0508p040943yv8jt,1000000,1.0,0.4814357891738959
stride1zez8n7x424nr5duum5y98qajyfr4xln8xdywvp,480000,0.48,0.23108917880347
stride1zftgzmmuv9px3ewk6fymm44emyz2qqt07wpetu,3580000,3.58,1.723540125242547
stride1zgwzekzkddwhv7t8ylzzzslfut6fwgvc4cxeel,11960000,11.96,5.757972038519795
stride1zh6tdvkl9aydrln98qemyruklayzdnwfa2dlnm,130000,0.13,0.06258665259260647
stride1zhsqetp2h8st2kufrj53n65xmd8junu07gcm4c,10000000,10.0,4.8143578917389585
stride1zltlq8hphlm4hjapw5azzu9rmxlpqz6jyxruwg,2189690,2.18969,1.054195133196188
stride1zn45gu0507vgmca5cg6acupslnl0a7yhafawh4,7300000,7.3,3.51448126096944
stride1zng5mddrg3wzc8hjxn7x86y4kpdwt53lj0zv88,99980000,99.98,48.13395020160611
stride1znxju5shxvyaqty7dkz2psxkrja5rtaqz5fsm7,500280000,500.28,240.8526966079166
stride1zpeangkn72j4pgzud4xnda97grevuy2cfvtfs8,25280810,25.28081,12.171086713305318
stride1zpsrt5vzdm5yr7hsn3chjksjwsnmfckssn0y8v,18885340,18.88534,9.092078566717342
stride1zq909dv4d6zgqn5ckdjs9gls7yekphll4e40g8,1500960,1.50096,0.7226158621184507
stride1zrl0rldamvgvem9e2gxfv2yhardyw8y7mtjn6z,1178220,1.17822,0.5672372755204675
stride1ztz8t88xgqvueap24ufpfun5mxc3jhmcn2zsqp,3000000,3.0,1.4443073675216875
stride1zvgz5ryz3rn0slt269cpqvhx8k63jpzf43mqpv,1000000,1.0,0.4814357891738959
stride1zwphm4lypl8zrljq4tzslqyq9as0d8fd06645z,1000000,1.0,0.4814357891738959
stride1zys6t5cmslve3nggel0h3tqerv8ngdv90yceh6,314751980,314.75198,151.5328678853463
stride1zz3fgakx8az5rvpkn0elme0eqsdmwzxcc0tcl3,7500000,7.5,3.610768418804219
stride1zzuttewnk3keg6m3xf2n3wxd2h7wkvj7wsk9wq,150000,0.15,0.07221536837608437
